time,ax,ay,az,gx,gy,gz
0.058,7.62,0.2,2.72,-0.02,3.56,0.15
0.069,7.62,0.2,2.72,-0.02,3.56,0.15
0.081,7.22,0.21,2.95,-0.05,3.77,0.14
0.091,6.742988505747126,0.08356321839080466,3.5385057471264365,-0.061494252873563214,3.8654022988505745,0.14
0.101,6.265977011494252,-0.04287356321839084,4.127011494252874,-0.07298850574712644,3.9608045977011495,0.14
0.111,5.78896551724138,-0.1693103448275862,4.7155172413793105,-0.08448275862068966,4.056206896551724,0.14
0.121,5.311954022988505,-0.2957471264367816,5.304022988505746,-0.09597701149425286,4.1516091954022984,0.14
0.131,4.834942528735632,-0.42218390804597705,5.892528735632184,-0.10747126436781608,4.247011494252873,0.14
0.14100000000000001,4.357931034482758,-0.5486206896551726,6.481034482758622,-0.11896551724137931,4.342413793103448,0.14
0.15100000000000002,3.880919540229884,-0.6750574712643681,7.0695402298850585,-0.13045977011494253,4.437816091954023,0.14
0.161,3.4039080459770115,-0.8014942528735634,7.658045977011494,-0.14195402298850573,4.533218390804597,0.14
0.168,3.07,-0.89,8.07,-0.15,4.6,0.14
0.18,2.93,-1.11,11.75,-0.31,4.84,0.12
0.192,2.93,-1.11,11.75,-0.31,4.84,0.12
0.204,1.62,-1.18,12.77,-0.58,4.97,0.1
0.218,0.4,-1.0,12.71,-0.86,5.03,0.04
0.23,0.4,-1.0,12.71,-0.86,5.03,0.04
0.241,-0.47,-0.77,11.75,-1.11,5.11,-0.05
0.253,-0.47,-0.77,11.75,-1.11,5.11,-0.05
0.265,-0.87,-0.83,11.19,-1.29,5.15,-0.16
0.279,-3.89,-3.33,1.3,-1.15,5.24,-0.14
0.291,-3.89,-3.33,1.3,-1.15,5.24,-0.14
0.303,1.19,0.03,12.73,0.01,2.52,0.38
0.315,1.19,0.03,12.73,0.01,2.52,0.38
0.328,0.74,0.74,4.15,0.18,0.59,-0.01
0.339,-0.47,-0.62,3.62,0.03,-0.36,-0.01
0.35,-0.47,-0.62,3.62,0.03,-0.36,-0.01
0.362,1.49,-1.54,14.39,0.06,-2.05,0.18
0.375,1.49,-1.54,14.39,0.06,-2.05,0.18
0.387,0.91,-1.5,12.0,0.7,-1.98,0.35
0.399,1.46,-1.17,9.24,0.77,-0.7,0.45
0.411,1.46,-1.17,9.24,0.77,-0.7,0.45
0.415,1.46,-1.17,9.24,0.77,-0.7,0.45
0.425,1.138205128205128,-1.1417948717948716,9.297692307692309,0.6712820512820512,-0.4358974358974357,0.4128205128205128
0.435,0.816410256410256,-1.1135897435897435,9.355384615384615,0.5725641025641024,-0.1717948717948714,0.3756410256410256
0.44499999999999995,0.4946153846153859,-1.0853846153846154,9.413076923076924,0.4738461538461542,0.09230769230769142,0.3384615384615386
0.45499999999999996,0.1728205128205138,-1.0571794871794873,9.47076923076923,0.3751282051282054,0.3564102564102558,0.3012820512820514
0.46499999999999997,-0.14897435897435818,-1.028974358974359,9.528461538461539,0.2764102564102566,0.6205128205128201,0.26410256410256416
0.475,-0.47076923076923016,-1.0007692307692309,9.586153846153845,0.17769230769230782,0.8846153846153844,0.22692307692307695
0.485,-0.7925641025641021,-0.9725641025641025,9.643846153846154,0.078974358974359,1.1487179487179486,0.18974358974358974
0.493,-1.05,-0.95,9.69,0.0,1.36,0.16
0.503,-1.3961538461538467,-0.7653846153846151,11.354102564102567,0.06282051282051292,1.2715384615384615,0.15743589743589745
0.513,-1.7423076923076932,-0.5807692307692303,13.018205128205132,0.12564102564102583,1.183076923076923,0.15487179487179487
0.523,-2.08846153846154,-0.3961538461538453,14.682307692307699,0.18846153846153874,1.0946153846153843,0.1523076923076923
0.533,-2.4346153846153866,-0.21153846153846045,16.346410256410266,0.25128205128205167,1.0061538461538457,0.14974358974358973
0.543,-2.7807692307692333,-0.026923076923075606,18.010512820512833,0.31410256410256454,0.9176923076923071,0.14717948717948717
0.5529999999999999,-3.1269230769230765,0.15769230769230713,19.67461538461538,0.37692307692307675,0.8292307692307694,0.14461538461538465
0.563,-3.473076923076923,0.342307692307692,21.33871794871795,0.4397435897435897,0.7407692307692308,0.14205128205128206
0.571,-3.75,0.49,22.67,0.49,0.67,0.14
0.581,-3.4833333333333334,0.3976923076923077,21.053333333333335,0.42846153846153845,0.5956410256410257,0.12333333333333335
0.591,-3.216666666666667,0.30538461538461537,19.436666666666667,0.3669230769230769,0.5212820512820513,0.10666666666666669
0.601,-2.95,0.21307692307692305,17.82,0.30538461538461537,0.446923076923077,0.09000000000000001
0.611,-2.6833333333333336,0.12076923076923074,16.203333333333333,0.24384615384615385,0.3725641025641026,0.07333333333333335
0.621,-2.416666666666667,0.028461538461538427,14.586666666666668,0.18230769230769234,0.29820512820512823,0.056666666666666685
0.631,-2.15,-0.06384615384615389,12.97,0.1207692307692308,0.22384615384615386,0.04000000000000001
0.641,-1.8833333333333333,-0.1561538461538462,11.353333333333333,0.059230769230769253,0.1494871794871795,0.023333333333333345
0.649,-1.67,-0.23,10.06,0.01,0.09,0.01
0.659,-1.4754945054945052,-0.2431868131868132,10.027032967032968,0.0089010989010989,0.07901098901098899,0.0089010989010989
0.669,-1.2809890109890105,-0.25637362637362643,9.994065934065935,0.0078021978021978,0.06802197802197799,0.0078021978021978
0.679,-1.0864835164835158,-0.2695604395604396,9.961098901098902,0.0067032967032967,0.057032967032966994,0.0067032967032967
0.6890000000000001,-0.891978021978021,-0.2827472527472528,9.928131868131867,0.005604395604395599,0.04604395604395599,0.005604395604395599
0.6990000000000001,-0.6974725274725263,-0.295934065934066,9.895164835164834,0.004505494505494499,0.03505494505494499,0.004505494505494499
0.7090000000000001,-0.5029670329670315,-0.3091208791208792,9.862197802197802,0.003406593406593398,0.02406593406593399,0.003406593406593398
0.7190000000000001,-0.3084615384615368,-0.3223076923076924,9.829230769230769,0.002307692307692298,0.013076923076922986,0.002307692307692298
0.729,-0.1139560439560443,-0.33549450549450544,9.796263736263736,0.0012087912087912107,0.0020879120879121055,0.0012087912087912107
0.74,0.1,-0.35,9.76,0.0,-0.01,0.0
0.752,0.1,-0.35,9.76,0.0,-0.01,0.0
0.764,0.24,-0.34,9.75,0.0,-0.01,-0.0
0.775,0.24,-0.34,9.75,0.0,-0.01,-0.0
0.788,0.17,-0.45,9.87,0.0,-0.01,0.0
0.799,0.19,-0.56,9.87,0.0,-0.01,0.0
0.811,0.19,-0.56,9.87,0.0,-0.01,0.0
0.823,0.17,-0.5,9.76,0.0,-0.01,0.0
0.836,0.17,-0.5,9.76,0.0,-0.01,0.0
0.847,0.17,-0.34,9.86,0.0,-0.01,0.0
0.859,0.13,-0.46,9.91,0.0,-0.01,0.0
0.87,0.13,-0.46,9.91,0.0,-0.01,0.0
0.883,0.2,-0.44,9.68,0.0,-0.02,0.0
0.894,0.2,-0.44,9.68,0.0,-0.02,0.0
0.906,0.07,-0.31,9.86,0.0,-0.0,0.0
0.917,0.07,-0.31,9.86,0.0,-0.0,0.0
0.928,0.22,-0.46,9.8,0.0,-0.01,0.0
0.942,0.11,-0.49,9.79,0.0,-0.01,0.0
0.953,0.11,-0.49,9.79,0.0,-0.01,0.0
0.965,0.12,-0.39,9.84,0.0,-0.02,0.0
0.976,0.12,-0.39,9.84,0.0,-0.02,0.0
0.989,0.11,-0.45,9.78,-0.0,-0.01,0.01
1.001,0.25,-0.49,9.74,0.0,-0.01,0.0
1.012,0.25,-0.49,9.74,0.0,-0.01,0.0
1.024,0.15,-0.34,9.82,0.0,-0.01,0.01
1.037,0.15,-0.34,9.82,0.0,-0.01,0.01
1.049,0.17,-0.32,9.87,0.0,-0.01,0.0
1.06,0.12,-0.38,9.8,0.0,-0.01,0.0
1.072,0.12,-0.38,9.8,0.0,-0.01,0.0
1.086,0.17,-0.35,9.88,0.0,-0.01,0.0
1.098,0.17,-0.35,9.88,0.0,-0.01,0.0
1.109,0.11,-0.38,9.84,0.0,-0.0,0.0
1.121,0.13,-0.44,9.79,-0.0,-0.01,0.0
1.134,0.13,-0.44,9.79,-0.0,-0.01,0.0
1.146,0.1,-0.46,9.89,-0.0,-0.01,0.01
1.158,0.1,-0.46,9.89,-0.0,-0.01,0.01
1.169,-0.01,-0.49,9.89,-0.0,-0.02,0.01
1.182,0.15,-0.63,9.8,-0.0,-0.01,0.0
1.193,0.15,-0.63,9.8,-0.0,-0.01,0.0
1.205,-0.03,-0.54,9.71,-0.0,-0.01,-0.0
1.217,-0.03,-0.54,9.71,-0.0,-0.01,-0.0
1.23,0.39,-1.07,11.37,0.0,-0.05,0.01
1.241,-0.04,-3.19,9.43,-0.07,-0.3,-0.01
1.253,-0.04,-3.19,9.43,-0.07,-0.3,-0.01
1.265,1.03,-0.69,6.9,-0.06,-0.23,-0.01
1.278,1.03,-0.69,6.9,-0.06,-0.23,-0.01
1.29,0.67,0.79,9.63,0.05,0.17,0.05
1.301,-0.68,-0.83,11.68,0.06,0.2,0.06
1.313,-0.68,-0.83,11.68,0.06,0.2,0.06
1.325,-0.93,-0.77,10.96,-0.01,-0.05,0.01
1.338,-0.93,-0.77,10.96,-0.01,-0.05,0.01
1.35,0.93,-0.06,8.87,-0.06,-0.21,-0.04
1.362,1.13,0.29,8.48,-0.01,-0.06,-0.01
1.372,1.13,0.29,8.48,-0.01,-0.06,-0.01
1.386,0.25,0.07,9.67,0.04,0.13,0.04
1.397,0.25,0.07,9.67,0.04,0.13,0.04
1.409,-0.56,-0.16,11.5,0.04,0.16,0.04
1.421,-0.04,-0.19,10.69,-0.01,-0.04,0.0
1.434,-0.04,-0.19,10.69,-0.01,-0.04,0.0
1.445,0.32,-0.01,9.22,-0.03,-0.13,-0.01
1.456,0.32,-0.01,9.22,-0.03,-0.13,-0.01
1.468,0.77,0.23,9.17,-0.01,-0.07,0.0
1.481,0.33,0.27,9.98,0.02,0.04,0.03
1.493,0.33,0.27,9.98,0.02,0.04,0.03
1.504,-0.21,0.18,10.42,0.01,0.03,0.02
1.517,-0.21,0.18,10.42,0.01,0.03,0.02
1.53,-0.03,-0.21,9.98,-0.01,-0.06,0.0
1.542,0.53,-0.45,9.62,-0.02,-0.1,-0.01
1.554,0.53,-0.45,9.62,-0.02,-0.1,-0.01
1.565,0.62,-0.49,9.53,-0.01,-0.04,0.01
1.578,0.62,-0.49,9.53,-0.01,-0.04,0.01
1.59,0.19,-0.46,9.53,0.01,0.01,0.02
1.602,-0.05,-0.53,10.18,0.01,0.04,0.03
1.613,-0.05,-0.53,10.18,0.01,0.04,0.03
1.626,-0.18,-0.57,10.21,-0.0,-0.01,0.01
1.638,-0.18,-0.57,10.21,-0.0,-0.01,0.01
1.65,0.23,-0.58,9.76,-0.02,-0.08,-0.01
1.661,0.62,-0.69,9.2,-0.01,-0.06,-0.0
1.675,0.62,-0.69,9.2,-0.01,-0.06,-0.0
1.686,0.46,-0.74,9.32,0.01,0.03,0.02
1.698,0.46,-0.74,9.32,0.01,0.03,0.02
1.71,-0.05,-0.69,10.07,0.03,0.08,0.03
1.723,-0.2,-1.04,10.58,0.01,0.03,0.02
1.734,-0.2,-1.04,10.58,0.01,0.03,0.02
1.745,0.17,-1.18,10.23,-0.02,-0.05,-0.01
1.757,0.17,-1.18,10.23,-0.02,-0.05,-0.01
1.769,0.42,-1.09,9.24,-0.03,-0.08,-0.01
1.782,0.56,-1.0,9.0,-0.01,-0.05,-0.0
1.793,0.56,-1.0,9.0,-0.01,-0.05,-0.0
1.805,0.4,-1.13,9.83,0.02,0.04,0.02
1.816,0.4,-1.13,9.83,0.02,0.04,0.02
1.829,-0.24,-1.14,10.59,0.02,0.06,0.02
1.841,-0.11,-0.52,10.31,-0.01,-0.05,-0.01
1.853,-0.11,-0.52,10.31,-0.01,-0.05,-0.01
1.864,0.45,0.26,9.1,-0.03,-0.12,-0.02
1.877,0.45,0.26,9.1,-0.03,-0.12,-0.02
1.889,1.58,0.05,7.4,0.0,0.03,-0.0
1.9,-2.11,-0.84,15.57,0.08,0.32,0.06
1.912,-2.11,-0.84,15.57,0.08,0.32,0.06
1.925,0.4,-0.27,9.73,0.01,-0.03,-0.01
1.937,0.4,-0.27,9.73,0.01,-0.03,-0.01
1.948,0.44,-0.33,9.09,-0.02,-0.04,0.0
1.96,-0.3,-0.24,9.85,0.01,0.04,0.02
1.973,-0.3,-0.24,9.85,0.01,0.04,0.02
1.985,0.22,-0.34,9.84,0.01,0.03,0.01
1.997,0.22,-0.34,9.84,0.01,0.03,0.01
2.009,0.11,-0.32,9.9,0.01,0.02,0.0
2.022,0.16,-0.35,9.8,-0.01,-0.03,0.0
2.034,0.16,-0.35,9.8,-0.01,-0.03,0.0
2.046,0.23,-0.37,9.59,-0.01,-0.02,0.0
2.058,0.23,-0.37,9.59,-0.01,-0.02,0.0
2.069,0.06,-0.37,10.0,0.0,-0.0,0.0
2.082,0.23,-0.39,9.83,0.0,-0.02,0.0
2.094,0.23,-0.39,9.83,0.0,-0.02,0.0
2.105,0.11,-0.42,9.83,0.0,-0.01,0.0
2.117,0.11,-0.42,9.83,0.0,-0.01,0.0
2.129,0.13,-0.44,9.81,0.0,-0.01,0.0
2.141,0.23,-0.49,9.83,-0.0,-0.02,-0.0
2.153,0.23,-0.49,9.83,-0.0,-0.02,-0.0
2.165,0.08,-0.49,9.86,-0.0,-0.01,0.0
2.178,0.08,-0.49,9.86,-0.0,-0.01,0.0
2.19,0.29,-0.47,9.63,0.0,-0.0,0.0
2.202,-0.12,-0.31,9.93,0.01,0.01,0.01
2.214,-0.12,-0.31,9.93,0.01,0.01,0.01
2.227,0.09,-0.38,9.6,-0.0,-0.02,0.0
2.238,0.09,-0.38,9.6,-0.0,-0.02,0.0
2.25,0.17,-0.4,9.98,0.0,0.0,0.0
2.262,0.18,-0.49,9.78,-0.0,-0.01,0.0
2.274,0.18,-0.49,9.78,-0.0,-0.01,0.0
2.287,0.24,-0.48,9.86,-0.01,-0.01,0.01
2.298,0.24,-0.48,9.86,-0.01,-0.01,0.01
2.31,0.11,-0.32,9.74,-0.0,-0.0,0.0
2.322,0.12,-0.41,9.83,-0.0,-0.01,0.0
2.335,0.12,-0.41,9.83,-0.0,-0.01,0.0
2.347,0.19,-0.45,9.65,-0.0,-0.01,0.0
2.359,0.19,-0.45,9.65,-0.0,-0.01,0.0
2.371,0.03,-0.51,10.05,0.0,0.0,0.0
2.384,0.22,-0.41,9.63,0.0,-0.02,0.0
2.394,0.22,-0.41,9.63,0.0,-0.02,0.0
2.406,0.11,-0.44,9.79,0.0,-0.01,0.0
2.417,0.11,-0.44,9.79,0.0,-0.01,0.0
2.431,0.02,-0.43,9.91,-0.0,-0.01,0.0
2.441,0.32,-0.54,9.71,-0.0,-0.01,-0.0
2.453,0.32,-0.54,9.71,-0.0,-0.01,-0.0
2.465,0.26,-0.39,9.84,-0.0,-0.01,0.0
2.478,0.26,-0.39,9.84,-0.0,-0.01,0.0
2.49,0.11,-0.4,9.85,0.0,-0.01,0.0
2.501,0.29,-0.37,9.43,-0.0,-0.02,0.0
2.513,0.29,-0.37,9.43,-0.0,-0.02,0.0
2.524,0.13,-0.41,10.01,0.0,0.0,0.0
2.538,0.13,-0.41,10.01,0.0,0.0,0.0
2.55,0.18,-0.48,9.79,-0.0,-0.01,0.0
2.561,0.07,-0.47,9.93,0.0,-0.01,0.01
2.573,0.07,-0.47,9.93,0.0,-0.01,0.01
2.587,0.05,-0.4,10.26,0.0,-0.0,0.01
2.598,0.05,-0.4,10.26,0.0,-0.0,0.01
2.61,0.28,-0.57,9.78,-0.0,-0.0,0.0
2.622,-0.05,-0.52,9.79,0.0,0.0,0.0
2.636,-0.05,-0.52,9.79,0.0,0.0,0.0
2.648,0.23,-1.15,9.92,0.0,-0.02,0.0
2.659,0.23,-1.15,9.92,0.0,-0.02,0.0
2.671,0.51,-0.54,9.56,0.0,-0.02,0.0
2.684,-0.0,-0.5,9.92,0.01,-0.0,0.0
2.696,-0.0,-0.5,9.92,0.01,-0.0,0.0
2.707,0.39,-0.54,9.76,-0.01,-0.02,0.0
2.719,0.39,-0.54,9.76,-0.01,-0.02,0.0
2.732,0.07,-0.45,9.66,0.0,-0.0,-0.0
2.743,0.26,-0.44,9.95,-0.0,-0.01,0.01
2.755,0.26,-0.44,9.95,-0.0,-0.01,0.01
2.767,0.37,-0.63,9.66,0.01,0.0,0.0
2.779,0.37,-0.63,9.66,0.01,0.0,0.0
2.793,0.11,-1.27,9.88,0.01,0.0,0.0
2.805,0.07,0.45,12.12,-0.03,-0.11,0.03
2.815,0.07,0.45,12.12,-0.03,-0.11,0.03
2.827,0.79,1.96,9.34,-0.09,-0.28,-0.01
2.84,0.79,1.96,9.34,-0.09,-0.28,-0.01
2.851,1.82,1.27,8.94,-0.08,-0.26,0.03
2.863,1.06,0.34,9.41,-0.05,0.11,0.1
2.874,1.06,0.34,9.41,-0.05,0.11,0.1
2.887,0.72,0.28,9.27,-0.02,-0.04,0.14
2.898,0.72,0.28,9.27,-0.02,-0.04,0.14
2.91,0.96,0.38,9.09,0.01,-0.05,0.17
2.921,1.1,0.46,8.85,0.05,0.01,0.21
2.932,1.1,0.46,8.85,0.05,0.01,0.21
2.936,1.1,0.46,8.85,0.05,0.01,0.21
2.9459999999999997,1.1637499999999987,0.4749999999999997,8.967499999999998,0.038750000000000256,-0.013749999999999473,0.21749999999999983
2.956,1.2275,0.49,9.084999999999999,0.027500000000000004,-0.0375,0.225
2.9659999999999997,1.2912499999999987,0.5049999999999997,9.202499999999997,0.016250000000000257,-0.061249999999999465,0.23249999999999985
2.976,1.355,0.52,9.32,0.0050000000000000044,-0.085,0.24
2.9859999999999998,1.4187499999999986,0.5349999999999997,9.437499999999996,-0.006249999999999742,-0.10874999999999947,0.24749999999999983
2.996,1.4825000000000002,0.5499999999999999,9.555,-0.017499999999999988,-0.13249999999999998,0.255
3.006,1.5462499999999988,0.5649999999999996,9.672499999999996,-0.028749999999999734,-0.15624999999999944,0.26249999999999984
3.016,1.61,0.58,9.79,-0.04,-0.18,0.27
3.026,1.5125974025974047,0.7397402597402564,9.979610389610386,-0.030909090909091098,-0.15532467532467584,0.3167532467532458
3.036,1.415194805194805,0.8994805194805199,10.16922077922078,-0.02181818181818179,-0.13064935064935057,0.36350649350649367
3.046,1.3177922077922095,1.0592207792207764,10.358831168831165,-0.012727272727272886,-0.1059740259740264,0.41025974025973944
3.056,1.22038961038961,1.21896103896104,10.54844155844156,-0.0036363636363635765,-0.08129870129870115,0.4570129870129873
3.066,1.1229870129870145,1.378701298701296,10.738051948051945,0.005454545454545323,-0.05662337662337698,0.5037662337662331
3.076,1.0255844155844147,1.5384415584415598,10.927662337662339,0.014545454545454632,-0.031948051948051726,0.5505194805194809
3.086,0.9281818181818193,1.698181818181816,11.117272727272725,0.023636363636363532,-0.007272727272727569,0.5972727272727267
3.093,0.86,1.81,11.25,0.03,0.01,0.63
3.1029999999999998,1.5511392405063127,1.2505063291139373,12.68291139240503,-0.023164556962024067,-0.015316455696201934,0.7173417721518967
3.113,2.242278481012656,0.6910126582278497,14.115822784810122,-0.07632911392405049,-0.04063291139240499,0.8046835443037972
3.1229999999999998,2.933417721518969,0.13151898734178702,15.548734177215152,-0.12949367088607455,-0.06594936708860694,0.8920253164556939
3.133,3.6245569620253124,-0.42797468354430057,16.981645569620245,-0.18265822784810098,-0.09126582278480999,0.9793670886075945
3.143,4.315696202531625,-0.9874683544303635,18.414556962025273,-0.23582278481012506,-0.11658227848101192,1.0667088607594912
3.153,5.006835443037969,-1.5469620253164509,19.84746835443037,-0.28898734177215146,-0.141898734177215,1.1540506329113918
3.163,5.697974683544282,-2.106455696202514,21.280379746835397,-0.3421518987341755,-0.1672151898734169,1.2413924050632885
3.172,6.32,-2.61,22.57,-0.39,-0.19,1.32
3.182,6.311011235955057,-1.0605617977528412,21.007078651685426,-1.1135955056179625,-0.3832584269662881,1.542471910112355
3.192,6.302022471910113,0.4888764044943863,19.444157303370783,-1.8371910112359573,-0.5765168539325847,1.7649438202247196
3.202,6.293033707865169,2.0383146067415443,17.88123595505621,-2.5607865168539194,-0.7697752808988729,1.9874157303370745
3.212,6.284044943820225,3.5877528089887725,16.318314606741566,-3.2843820224719145,-0.9630337078651694,2.2098876404494394
3.222,6.275056179775281,5.137191011235931,14.755393258426992,-4.007977528089876,-1.1562921348314577,2.4323595505617943
3.232,6.266067415730337,6.686629213483158,13.192471910112348,-4.731573033707871,-1.3495505617977541,2.654831460674159
3.242,6.257078651685394,8.236067415730316,11.629550561797773,-5.455168539325833,-1.5428089887640422,2.877303370786514
3.2520000000000002,6.248089887640449,9.785505617977545,10.06662921348313,-6.178764044943828,-1.7360674157303388,3.0997752808988785
3.261,6.24,11.18,8.66,-6.83,-1.91,3.3
3.273,6.24,11.18,8.66,-6.83,-1.91,3.3
3.285,-2.43,9.61,-16.63,-6.85,-1.95,4.14
3.297,-2.43,9.61,-16.63,-6.85,-1.95,4.14
3.311,-2.59,14.28,-5.56,-3.86,-2.11,4.63
3.323,0.43,11.07,9.37,-3.65,-4.03,5.57
3.335,0.43,11.07,9.37,-3.65,-4.03,5.57
3.347,-0.83,6.07,-3.06,-3.1,-4.39,5.94
3.36,-0.83,6.07,-3.06,-3.1,-4.39,5.94
3.372,-1.6,7.14,1.13,-2.31,-4.47,6.04
3.383,-1.12,6.95,1.02,-1.73,-4.7,6.15
3.395,-1.12,6.95,1.02,-1.73,-4.7,6.15
3.408,-0.7,7.06,-0.29,-1.17,-4.87,6.25
3.419,-0.7,7.06,-0.29,-1.17,-4.87,6.25
3.431,-0.79,6.78,0.26,-0.59,-4.92,6.32
3.443,-1.01,6.74,0.37,0.0,-4.95,6.35
3.456,-1.01,6.74,0.37,0.0,-4.95,6.35
3.467,-0.88,6.76,0.48,0.6,-4.98,6.31
3.479,-0.88,6.76,0.48,0.6,-4.98,6.31
3.491,-0.57,6.74,0.37,1.18,-4.94,6.24
3.504,-0.57,6.71,0.63,1.75,-4.84,6.12
3.515,-0.57,6.71,0.63,1.75,-4.84,6.12
3.526,-0.58,6.69,0.8,2.29,-4.72,5.96
3.538,-0.58,6.69,0.8,2.29,-4.72,5.96
3.551,-0.37,6.68,1.06,2.8,-4.58,5.76
3.563,-0.23,6.71,1.07,3.26,-4.43,5.54
3.575,-0.23,6.71,1.07,3.26,-4.43,5.54
3.586,-0.12,6.71,1.13,3.68,-4.25,5.3
3.599,-0.12,6.71,1.13,3.68,-4.25,5.3
3.611,-0.15,6.72,1.46,4.06,-4.06,5.04
3.623,-0.1,6.76,1.63,4.39,-3.88,4.77
3.634,-0.1,6.76,1.63,4.39,-3.88,4.77
3.646,0.02,6.75,1.65,4.69,-3.68,4.49
3.658,0.02,6.75,1.65,4.69,-3.68,4.49
3.669,-4.3,26.67,57.37,1.34,-2.19,1.93
3.681,-4.3,26.67,57.37,1.34,-2.19,1.93
3.692,-12.41,40.87,-4.75,8.16,-0.92,0.25
3.705,-15.18,12.49,-23.96,3.63,-0.89,0.1
3.717,-15.18,12.49,-23.96,3.63,-0.89,0.1
3.729,-7.67,-5.43,-1.32,0.23,-0.9,0.05
3.739,-7.67,-5.43,-1.32,0.23,-0.9,0.05
3.753,4.52,4.12,-10.93,1.54,-0.9,0.04
3.764,-15.85,-0.92,34.25,2.76,-0.9,0.04
3.776,-15.85,-0.92,34.25,2.76,-0.9,0.04
3.787,11.97,4.32,19.94,2.14,-0.9,0.04
3.801,11.97,4.32,19.94,2.14,-0.9,0.04
3.812,13.18,1.95,10.83,0.34,-0.9,0.04
3.824,0.63,-4.38,-2.5,-1.06,-0.9,0.04
3.836,0.63,-4.38,-2.5,-1.06,-0.9,0.04
3.849,5.21,3.52,13.98,-0.99,-0.9,0.04
3.86,5.21,3.52,13.98,-0.99,-0.9,0.04
3.872,3.11,4.65,16.95,0.16,-0.9,0.04
3.884,-2.44,1.03,11.41,0.03,-0.9,0.04
3.897,-2.44,1.03,11.41,0.03,-0.9,0.04
3.909,-0.61,2.83,8.49,-0.12,-0.9,0.04
3.919,-0.61,2.83,8.49,-0.12,-0.9,0.04
3.931,1.26,0.87,11.35,-0.25,-0.9,0.04
3.944,0.04,-1.32,8.14,0.02,-0.9,0.04
3.956,0.04,-1.32,8.14,0.02,-0.9,0.04
3.967,0.73,-0.36,9.69,0.02,-0.9,0.04
3.979,0.73,-0.36,9.69,0.02,-0.9,0.04
3.992,-0.14,-0.43,10.13,-0.05,-0.9,0.04
4.004,0.3,-0.44,8.86,-0.04,-0.9,0.04
4.015,0.3,-0.44,8.86,-0.04,-0.9,0.04
4.027,0.82,-0.37,9.6,-0.01,-0.9,0.04
4.041,0.82,-0.37,9.6,-0.01,-0.9,0.04
4.052,0.27,-0.45,9.57,0.02,-0.9,0.04
4.064,-0.43,-0.44,9.93,0.01,-0.9,0.04
4.074,-0.43,-0.44,9.93,0.01,-0.9,0.04
4.088,0.45,-0.43,9.9,-0.01,-0.9,0.04
4.1,0.45,-0.43,9.9,-0.01,-0.9,0.04
4.111,0.23,-0.36,9.53,-0.01,-0.9,0.04
4.123,0.39,-0.32,9.73,0.0,-0.9,0.04
4.136,0.39,-0.32,9.73,0.0,-0.9,0.04
4.148,-0.07,-0.29,9.99,0.01,-0.9,0.04
4.16,-0.07,-0.29,9.99,0.01,-0.9,0.04
4.171,0.37,-0.23,9.8,-0.0,-0.9,0.04
4.183,-0.35,-5.65,9.94,0.08,-0.9,0.04
4.197,-0.35,-5.65,9.94,0.08,-0.9,0.04
4.208,0.68,-3.63,9.87,0.09,-0.9,0.04
4.219,0.68,-3.63,9.87,0.09,-0.9,0.04
4.231,-0.65,2.46,9.43,0.02,-0.9,0.04
4.245,0.22,6.51,10.2,0.01,-0.9,0.04
4.256,0.22,6.51,10.2,0.01,-0.9,0.04
4.268,0.23,2.72,9.85,0.01,-0.85,0.04
4.28,0.23,2.72,9.85,0.01,-0.85,0.04
4.293,-0.06,0.91,9.81,0.05,-0.16,0.04
4.304,-0.28,1.15,10.07,0.07,0.03,0.04
4.316,-0.28,1.15,10.07,0.07,0.03,0.04
4.328,-0.14,0.08,9.47,0.05,-0.09,0.04
4.341,-0.14,0.08,9.47,0.05,-0.09,0.04
4.353,-0.1,-1.36,9.06,-0.06,-0.04,0.04
4.364,1.24,-0.73,16.57,-0.26,-0.32,0.04
4.377,1.24,-0.73,16.57,-0.26,-0.32,0.04
4.391,1.56,-0.88,4.22,-0.03,-0.12,-0.03
4.403,1.59,-0.39,10.31,-0.04,-0.01,0.0
4.415,1.59,-0.39,10.31,-0.04,-0.01,0.0
4.427,-1.0,-0.5,8.52,0.05,0.1,0.04
4.438,-1.0,-0.5,8.52,0.05,0.1,0.04
4.451,0.3,-0.55,10.75,-0.01,-0.04,-0.0
4.463,0.24,-0.52,10.1,-0.02,-0.06,0.01
4.475,0.24,-0.52,10.1,-0.02,-0.06,0.01
4.486,0.36,-0.42,9.47,0.01,-0.01,-0.01
4.499,0.36,-0.42,9.47,0.01,-0.01,-0.01
4.51,-0.11,-0.45,10.15,0.01,0.02,0.01
4.522,-0.11,-0.45,10.15,0.01,0.02,0.01
4.533,0.21,-0.43,9.88,0.01,-0.0,-0.0
4.546,0.16,-0.4,9.79,-0.0,-0.03,-0.0
4.558,0.16,-0.4,9.79,-0.0,-0.03,-0.0
4.57,0.29,-0.39,9.77,0.0,-0.01,-0.0
4.582,0.29,-0.39,9.77,0.0,-0.01,-0.0
4.595,0.05,-0.38,9.86,0.0,0.0,0.0
4.607,0.23,-0.37,9.78,-0.0,-0.01,0.0
4.619,0.23,-0.37,9.78,-0.0,-0.01,0.0
4.63,0.15,-0.35,9.83,0.0,-0.01,-0.0
4.643,0.21,-0.34,9.79,0.0,-0.01,-0.0
4.655,0.21,-0.34,9.79,0.0,-0.01,-0.0
4.666,0.18,-0.34,9.84,-0.0,-0.01,-0.0
4.678,0.18,-0.34,9.84,-0.0,-0.01,-0.0
4.691,0.22,-0.36,9.82,-0.0,-0.01,-0.0
4.702,0.2,-0.31,9.82,-0.0,-0.01,-0.0
4.714,0.2,-0.31,9.82,-0.0,-0.01,-0.0
4.726,0.21,-0.25,9.79,-0.0,-0.01,-0.0
4.738,0.21,-0.25,9.79,-0.0,-0.01,-0.0
4.75,0.2,-0.21,9.86,-0.0,-0.01,-0.0
4.762,0.2,-0.21,9.86,-0.0,-0.01,-0.0
4.774,0.17,-0.2,9.83,-0.0,-0.01,-0.0
4.787,0.21,-0.23,9.8,-0.0,-0.01,-0.0
4.799,0.21,-0.23,9.8,-0.0,-0.01,-0.0
4.81,0.2,-0.23,9.84,-0.0,-0.01,-0.0
4.822,0.2,-0.23,9.84,-0.0,-0.01,-0.0
4.833,0.23,-0.23,9.83,-0.0,-0.01,-0.0
4.847,0.19,-0.25,9.81,0.0,-0.01,-0.0
4.858,0.19,-0.25,9.81,0.0,-0.01,-0.0
4.869,0.19,-0.25,9.81,0.0,-0.01,-0.0
4.881,0.19,-0.25,9.81,0.0,-0.01,-0.0
4.894,0.17,-0.26,9.82,-0.0,-0.01,-0.0
4.906,0.21,-0.26,9.79,-0.0,-0.01,-0.0
4.918,0.21,-0.26,9.79,-0.0,-0.01,-0.0
4.929,0.2,-0.25,9.85,-0.0,-0.01,-0.0
4.942,0.2,-0.25,9.85,-0.0,-0.01,-0.0
4.953,0.2,-0.24,9.84,-0.0,-0.01,-0.0
4.964,0.18,-0.25,9.82,-0.0,-0.01,-0.0
4.976,0.18,-0.25,9.82,-0.0,-0.01,-0.0
4.989,0.22,-0.25,9.78,-0.0,-0.01,-0.0
5.0,0.22,-0.25,9.78,-0.0,-0.01,-0.0
5.012,0.19,-0.25,9.86,0.0,-0.01,-0.0
5.024,0.16,-0.2,9.84,-0.0,-0.01,-0.0
5.037,0.16,-0.2,9.84,-0.0,-0.01,-0.0
5.049,0.22,-0.18,9.82,-0.0,-0.01,-0.0
5.059,0.22,-0.18,9.82,-0.0,-0.01,-0.0
5.071,0.2,-0.25,9.82,-0.0,-0.01,-0.0
5.084,0.19,-0.29,9.79,-0.0,-0.01,-0.0
5.096,0.19,-0.29,9.79,-0.0,-0.01,-0.0
5.108,0.23,-0.28,9.78,0.0,-0.01,-0.0
5.12,0.23,-0.28,9.78,0.0,-0.01,-0.0
5.133,0.17,-0.27,9.86,0.0,-0.01,-0.0
5.144,0.24,-0.3,9.78,0.0,-0.01,-0.0
5.156,0.24,-0.3,9.78,0.0,-0.01,-0.0
5.167,0.11,-0.23,9.91,0.0,-0.0,-0.0
5.179,0.11,-0.23,9.91,0.0,-0.0,-0.0
5.191,0.21,-0.24,9.75,0.0,-0.01,-0.0
5.203,0.2,-0.22,9.88,0.0,-0.01,-0.0
5.215,0.2,-0.22,9.88,0.0,-0.01,-0.0
5.226,0.2,-0.25,9.77,-0.0,-0.01,-0.0
5.24,0.2,-0.25,9.77,-0.0,-0.01,-0.0
5.252,0.21,-0.25,9.84,0.0,-0.01,-0.0
5.264,0.19,-0.19,9.84,0.0,-0.01,-0.0
5.276,0.19,-0.19,9.84,0.0,-0.01,-0.0
5.29,0.22,-0.2,9.75,-0.0,-0.01,-0.0
5.301,0.22,-0.2,9.75,-0.0,-0.01,-0.0
5.313,0.22,-0.23,9.8,-0.0,-0.01,-0.0
5.325,0.2,-0.27,9.81,0.0,-0.01,-0.0
5.339,0.2,-0.27,9.81,0.0,-0.01,-0.0
5.351,0.19,-0.29,9.82,0.0,-0.0,-0.0
5.361,0.19,-0.29,9.82,0.0,-0.0,-0.0
5.373,0.17,-0.29,9.79,-0.0,-0.01,-0.0
5.386,0.21,-0.35,9.83,0.0,-0.01,-0.0
5.398,0.21,-0.35,9.83,0.0,-0.01,-0.0
5.409,0.21,-0.31,9.82,0.0,-0.01,-0.0
5.421,0.21,-0.31,9.82,0.0,-0.01,-0.0
5.434,0.19,-0.24,9.84,0.0,-0.0,-0.0
5.445,0.16,-0.22,9.83,-0.0,-0.01,-0.0
5.457,0.16,-0.22,9.83,-0.0,-0.01,-0.0
5.468,0.19,-0.22,9.78,-0.0,-0.02,-0.0
5.479,0.19,-0.22,9.78,-0.0,-0.02,-0.0
5.484,0.23,-0.14,9.78,-0.0,-0.02,-0.0
5.494,0.2287341772151899,-0.14886075949367072,9.781265822784809,0.0,-0.0187341772151899,0.0
5.504,0.2274683544303798,-0.15772151898734146,9.78253164556962,0.0,-0.017468354430379793,0.0
5.514,0.22620253164556958,-0.16658227848101298,9.783797468354429,0.0,-0.016202531645569576,0.0
5.524,0.22493670886075948,-0.1754430379746837,9.78506329113924,0.0,-0.014936708860759472,0.0
5.534,0.22367088607594937,-0.18430379746835443,9.78632911392405,0.0,-0.013670886075949368,0.0
5.544,0.22240506329113927,-0.19316455696202514,9.78759493670886,0.0,-0.012405063291139265,0.0
5.554,0.22113924050632905,-0.20202531645569666,9.78886075949367,0.0,-0.011139240506329048,0.0
5.563,0.22,-0.21,9.79,-0.0,-0.01,-0.0
5.5729999999999995,0.24987012987012924,-0.21,9.780909090909091,-0.0012987012987012718,-0.01649350649350636,-0.0012987012987012718
5.582999999999999,0.2797402597402585,-0.21,9.771818181818182,-0.0025974025974025436,-0.022987012987012716,-0.0025974025974025436
5.593,0.3096103896103904,-0.21,9.762727272727272,-0.0038961038961039304,-0.029480519480519655,-0.0038961038961039304
5.603,0.33948051948051966,-0.21,9.753636363636364,-0.005194805194805203,-0.03597402597402601,-0.005194805194805203
5.6129999999999995,0.3693506493506489,-0.21,9.744545454545454,-0.006493506493506474,-0.04246753246753237,-0.006493506493506474
5.622999999999999,0.39922077922077814,-0.21,9.735454545454546,-0.007792207792207745,-0.048961038961038726,-0.007792207792207745
5.633,0.4290909090909101,-0.21,9.726363636363637,-0.009090909090909132,-0.055454545454545666,-0.009090909090909132
5.64,0.45,-0.21,9.72,-0.01,-0.06,-0.01
5.6499999999999995,0.4272151898734184,-0.19481012658227892,9.72632911392405,-0.00873417721518991,-0.05367088607594955,-0.00873417721518991
5.659999999999999,0.40443037974683677,-0.17962025316455785,9.732658227848102,-0.00746835443037982,-0.0473417721518991,-0.00746835443037982
5.67,0.38164556962025314,-0.16443037974683541,9.738987341772152,-0.006202531645569619,-0.041012658227848095,-0.006202531645569619
5.68,0.3588607594936715,-0.14924050632911434,9.745316455696203,-0.004936708860759529,-0.03468354430379765,-0.004936708860759529
5.6899999999999995,0.33607594936708995,-0.13405063291139327,9.751645569620253,-0.0036708860759494394,-0.0283544303797472,-0.0036708860759494394
5.699999999999999,0.31329113924050833,-0.1188607594936722,9.757974683544303,-0.0024050632911393494,-0.022025316455696754,-0.0024050632911393494
5.71,0.2905063291139247,-0.10367088607594978,9.764303797468354,-0.0011392405063291467,-0.01569620253164574,-0.0011392405063291467
5.719,0.27,-0.09,9.77,0.0,-0.01,-0.0
5.729,0.27224719101123596,-0.09,9.77561797752809,0.0,-0.00887640449438204,-0.0011235955056179596
5.739,0.27449438202247184,-0.09,9.781235955056179,0.0,-0.007752808988764081,-0.0022471910112359193
5.7490000000000006,0.27674157303370794,-0.09,9.78685393258427,0.0,-0.006629213483146022,-0.0033707865168539786
5.759,0.2789887640449439,-0.09,9.79247191011236,0.0,-0.005505617977528062,-0.004494382022471938
5.769,0.28123595505617976,-0.09,9.79808988764045,0.0,-0.004382022471910102,-0.005617977528089898
5.779,0.2834831460674157,-0.09,9.803707865168539,0.0,-0.0032584269662921427,-0.0067415730337078575
5.789000000000001,0.2857303370786518,-0.09,9.80932584269663,0.0,-0.0021348314606740824,-0.007865168539325918
5.799,0.28797752808988775,-0.09,9.81494382022472,0.0,-0.0010112359550561237,-0.008988764044943877
5.808,0.29,-0.09,9.82,0.0,-0.0,-0.01
5.82,0.29,-0.09,9.82,0.0,-0.0,-0.01
5.831,0.18,-0.1,9.8,0.0,-0.0,-0.0
5.842,0.18,-0.1,9.8,0.0,-0.0,-0.0
5.856,0.19,-0.06,9.83,-0.0,-0.01,-0.0
5.867,0.26,0.16,9.77,-0.0,-0.02,-0.0
5.879,0.26,0.16,9.77,-0.0,-0.02,-0.0
5.89,1.52,3.73,7.35,-0.0,-0.01,-0.0
5.903,1.52,3.73,7.35,-0.0,-0.01,-0.0
5.915,-3.29,59.9,24.09,-0.1,0.27,-0.06
5.926,-0.01,-2.51,6.57,0.11,-0.45,0.05
5.938,-0.01,-2.51,6.57,0.11,-0.45,0.05
5.951,2.15,-4.12,8.8,0.03,0.03,0.11
5.963,2.15,-4.12,8.8,0.03,0.03,0.11
5.974,-0.01,6.33,8.13,0.03,0.15,0.05
5.986,-0.37,-0.57,10.54,0.03,0.01,0.04
5.999,-0.37,-0.57,10.54,0.03,0.01,0.04
6.011,0.11,1.37,9.97,-0.01,-0.04,0.02
6.023,0.11,1.37,9.97,-0.01,-0.04,0.02
6.034,0.46,-0.18,7.02,-0.03,0.04,0.0
6.046,-0.51,1.85,8.29,-0.04,0.11,-0.01
6.059,-0.51,1.85,8.29,-0.04,0.11,-0.01
6.071,0.42,-0.18,8.58,-0.11,-0.02,-0.01
6.083,0.42,-0.18,8.58,-0.11,-0.02,-0.01
6.094,0.1,0.48,5.58,-0.07,-0.11,0.01
6.107,-0.43,2.69,8.83,-0.08,-0.07,0.01
6.119,-0.43,2.69,8.83,-0.08,-0.07,0.01
6.13,0.31,2.06,10.73,-0.07,-0.12,0.0
6.142,0.31,2.06,10.73,-0.07,-0.12,0.0
6.155,0.52,1.49,9.99,-0.06,-0.15,0.02
6.166,-0.09,0.96,12.53,-0.05,-0.08,0.03
6.178,-0.09,0.96,12.53,-0.05,-0.08,0.03
6.189,0.25,1.19,7.5,-0.02,-0.1,0.04
6.203,0.25,1.19,7.5,-0.02,-0.1,0.04
6.214,-0.2,0.6,12.44,-0.04,-0.13,0.04
6.225,0.64,0.04,6.15,-0.0,-0.15,0.04
6.237,0.64,0.04,6.15,-0.0,-0.15,0.04
6.25,0.28,0.21,10.24,-0.05,-0.25,0.06
6.262,0.28,0.21,10.24,-0.05,-0.25,0.06
6.274,-0.26,-0.54,7.45,-0.03,-0.38,0.06
6.285,0.43,-0.11,10.12,-0.02,-0.35,0.07
6.299,0.43,-0.11,10.12,-0.02,-0.35,0.07
6.31,1.54,1.59,11.58,0.02,-0.17,0.08
6.322,1.54,1.59,11.58,0.02,-0.17,0.08
6.334,2.08,2.46,9.6,0.03,-0.07,0.12
6.346,0.1,3.3,5.72,0.02,-0.04,0.15
6.358,0.1,3.3,5.72,0.02,-0.04,0.15
6.369,0.1,6.24,9.96,0.0,0.12,0.16
6.38,0.1,6.24,9.96,0.0,0.12,0.16
6.392,-1.04,5.64,12.54,-0.03,0.75,0.22
6.405,-1.83,7.72,6.79,0.08,0.74,0.12
6.417,-1.83,7.72,6.79,0.08,0.74,0.12
6.429,-0.11,6.97,11.69,-0.01,0.46,0.03
6.44,-0.11,6.97,11.69,-0.01,0.46,0.03
6.454,1.82,-3.65,10.64,0.1,-0.03,-0.01
6.465,0.61,-4.05,5.41,0.09,-1.15,-0.06
6.477,0.61,-4.05,5.41,0.09,-1.15,-0.06
6.489,1.21,-2.52,12.2,0.02,-0.29,0.07
6.503,1.21,-2.52,12.2,0.02,-0.29,0.07
6.515,0.19,-4.79,12.21,0.1,0.28,0.1
6.526,-0.04,-5.55,6.43,0.09,0.38,0.07
6.538,-0.04,-5.55,6.43,0.09,0.38,0.07
6.552,-0.7,-6.89,2.65,-0.01,0.1,0.04
6.564,-0.7,-6.89,2.65,-0.01,0.1,0.04
6.575,0.09,-6.35,12.3,-0.02,-0.18,0.0
6.587,0.79,-6.19,8.17,0.05,-0.43,0.01
6.599,0.79,-6.19,8.17,0.05,-0.43,0.01
6.612,0.17,-5.9,10.53,-0.01,-0.4,0.03
6.624,0.17,-5.9,10.53,-0.01,-0.4,0.03
6.636,-0.2,-3.41,10.75,-0.04,-0.14,0.07
6.647,0.45,-3.33,9.79,-0.05,0.13,0.08
6.659,0.45,-3.33,9.79,-0.05,0.13,0.08
6.671,-0.43,-2.86,8.06,-0.01,0.4,0.08
6.683,-0.43,-2.86,8.06,-0.01,0.4,0.08
6.695,-0.11,-5.96,11.29,-0.02,0.54,0.07
6.707,0.26,4.11,9.41,-0.05,0.42,0.05
6.719,0.26,4.11,9.41,-0.05,0.42,0.05
6.731,0.51,-4.61,9.63,-0.09,0.12,0.04
6.743,0.51,-4.61,9.63,-0.09,0.12,0.04
6.756,-0.76,-6.17,10.15,-0.11,-0.09,0.01
6.768,0.11,2.29,10.46,-0.03,-0.12,0.0
6.779,0.11,2.29,10.46,-0.03,-0.12,0.0
6.791,0.27,3.42,10.46,0.02,-0.01,-0.01
6.804,0.27,3.42,10.46,0.02,-0.01,-0.01
6.816,-0.31,5.63,8.02,0.03,-0.06,-0.02
6.827,0.3,5.9,11.66,-0.03,-0.38,-0.04
6.838,0.3,5.9,11.66,-0.03,-0.38,-0.04
6.85,0.47,5.79,8.05,-0.03,-0.51,-0.02
6.863,0.47,5.79,8.05,-0.03,-0.51,-0.02
6.875,1.2,5.08,11.55,-0.04,-0.41,0.03
6.887,1.38,3.75,11.58,-0.08,-0.26,0.07
6.897,1.38,3.75,11.58,-0.08,-0.26,0.07
6.911,0.03,1.97,10.26,-0.05,-0.1,0.11
6.922,0.03,1.97,10.26,-0.05,-0.1,0.11
6.934,-0.6,2.31,9.31,-0.06,0.06,0.12
6.945,0.22,3.08,7.75,0.04,0.16,0.1
6.959,0.22,3.08,7.75,0.04,0.16,0.1
6.971,0.1,3.27,6.79,0.06,0.24,0.1
6.982,0.1,3.27,6.79,0.06,0.24,0.1
6.994,0.79,-1.92,6.15,0.13,0.14,0.07
7.007,1.15,-6.13,11.44,0.18,-0.15,0.07
7.019,1.15,-6.13,11.44,0.18,-0.15,0.07
7.03,0.32,-3.67,9.47,0.13,-0.52,0.03
7.041,0.32,-3.67,9.47,0.13,-0.52,0.03
7.054,1.08,0.25,10.0,0.06,-0.54,0.05
7.065,0.38,0.99,7.66,0.06,-0.37,0.11
7.077,0.38,0.99,7.66,0.06,-0.37,0.11
7.088,0.36,-0.52,8.58,0.04,0.01,0.17
7.1,0.36,-0.52,8.58,0.04,0.01,0.17
7.113,0.37,-2.55,8.84,0.03,0.44,0.19
7.124,0.37,-2.55,8.84,0.03,0.44,0.19
7.136,0.02,-0.82,9.63,-0.02,0.8,0.14
7.148,0.16,0.45,10.86,-0.04,1.05,0.08
7.161,0.16,0.45,10.86,-0.04,1.05,0.08
7.172,-0.1,0.18,11.06,-0.06,0.65,0.01
7.184,-0.1,0.18,11.06,-0.06,0.65,0.01
7.196,-0.73,-1.91,9.31,-0.05,0.02,-0.04
7.21,0.53,-3.17,11.89,-0.04,-0.22,-0.04
7.221,0.53,-3.17,11.89,-0.04,-0.22,-0.04
7.233,0.0,-2.95,10.25,-0.02,-0.25,-0.06
7.244,0.0,-2.95,10.25,-0.02,-0.25,-0.06
7.258,3.31,0.4,9.07,0.02,-0.11,-0.07
7.269,-0.16,-0.8,6.18,0.08,0.1,-0.01
7.281,-0.16,-0.8,6.18,0.08,0.1,-0.01
7.293,0.87,0.58,11.39,-0.13,-0.77,-0.01
7.297,0.87,0.58,11.39,-0.13,-0.77,-0.01
7.3069999999999995,0.828227848101267,0.5483544303797477,11.23177215189874,-0.10215189873417803,-0.6358227848101305,-0.003670886075949552
7.316999999999999,0.7864556962025341,0.5167088607594955,11.073544303797478,-0.07430379746835605,-0.5016455696202611,0.002658227848100896
7.327,0.7446835443037975,0.48506329113924046,10.915316455696203,-0.04645569620253162,-0.3674683544303796,0.008987341772151906
7.337,0.7029113924050645,0.4534177215189882,10.757088607594941,-0.018607594936709645,-0.23329113924051015,0.015316455696202354
7.3469999999999995,0.6611392405063315,0.42177215189873596,10.59886075949368,0.00924050632911233,-0.09911392405064057,0.021645569620252804
7.356999999999999,0.6193670886075986,0.39012658227848374,10.44063291139242,0.03708860759493429,0.0350632911392289,0.02797468354430325
7.367,0.577594936708862,0.35848101265822874,10.282405063291144,0.06493670886075875,0.16924050632911025,0.03430379746835426
7.376,0.54,0.33,10.14,0.09,0.29,0.04
7.386,0.3958441558441589,0.41961038961038777,9.988051948051952,0.08220779220779237,0.2977922077922076,0.04129870129870127
7.396,0.25168831168831773,0.5092207792207755,9.836103896103904,0.07441558441558474,0.30558441558441524,0.042597402597402544
7.406000000000001,0.10753246753246376,0.5988311688311712,9.68415584415584,0.06662337662337642,0.3133766233766236,0.04389610389610393
7.416,-0.036623376623377335,0.688441558441559,9.532207792207792,0.05883116883116879,0.3211688311688312,0.045194805194805204
7.426,-0.1807792207792186,0.7780519480519468,9.380259740259744,0.051038961038961154,0.32896103896103884,0.046493506493506476
7.436,-0.32493506493505975,0.8676623376623345,9.228311688311694,0.043246753246753526,0.33675324675324647,0.04779220779220775
7.446000000000001,-0.46909090909091367,0.9572727272727302,9.076363636363633,0.035454545454545204,0.34454545454545477,0.049090909090909136
7.453,-0.57,1.02,8.97,0.03,0.35,0.05
7.463,-0.46873417721519167,0.909873417721521,9.047215189873416,0.024936708860759584,0.3246835443037979,0.03734177215189896
7.473,-0.3674683544303834,0.7997468354430419,9.124430379746833,0.019873417721519168,0.2993670886075958,0.024683544303797926
7.4830000000000005,-0.26620253164556607,0.6896202531645531,9.201645569620256,0.014810126582278304,0.27405063291139153,0.01202531645569576
7.493,-0.16493670886075779,0.5794936708860741,9.278860759493673,0.009746835443037886,0.24873417721518942,-0.0006329113924052748
7.503,-0.0636708860759495,0.469367088607595,9.356075949367089,0.004683544303797471,0.22341772151898737,-0.013291139240506317
7.513,0.03759493670885883,0.35924050632911597,9.433291139240506,-0.00037974683544294424,0.19810126582278528,-0.02594936708860736
7.523000000000001,0.13886075949367604,0.24911392405062716,9.510506329113928,-0.005443037974683811,0.17278481012658098,-0.038607594936709524
7.532,0.23,0.15,9.58,-0.01,0.15,-0.05
7.542,0.19629213483146155,-0.08820224719100506,9.538426966292135,-0.006629213483146155,0.11853932584269744,-0.05
7.552,0.1625842696629231,-0.32640449438201014,9.496853932584273,-0.00325842696629231,0.08707865168539487,-0.05
7.562,0.12887640449438165,-0.5646067415730363,9.455280898876405,0.00011235955056183508,0.055617977528089516,-0.05
7.572,0.09516853932584321,-0.8028089887640414,9.41370786516854,0.00348314606741568,0.024157303370786976,-0.05
7.582,0.061460674157304745,-1.0410112359550465,9.372134831460677,0.0068539325842695235,-0.007303370786515606,-0.05
7.592,0.02775280898876628,-1.2792134831460515,9.330561797752813,0.010224719101123369,-0.03876404494381816,-0.05
7.602,-0.005955056179775153,-1.5174157303370777,9.288988764044944,0.013595505617977515,-0.07022471910112352,-0.05
7.612,-0.03966292134831359,-1.755617977528083,9.24741573033708,0.016966292134831362,-0.10168539325842604,-0.05
7.621,-0.07,-1.97,9.21,0.02,-0.13,-0.05
7.633,-0.23,-1.43,10.29,-0.01,-0.45,-0.04
7.644,-0.23,-1.43,10.29,-0.01,-0.45,-0.04
7.656,-0.04,-1.81,8.71,-0.02,-0.66,-0.02
7.669,0.41,-2.15,10.27,-0.01,-0.48,0.02
7.681,0.41,-2.15,10.27,-0.01,-0.48,0.02
7.693,1.16,-0.62,8.84,0.03,-0.01,0.04
7.704,1.16,-0.62,8.84,0.03,-0.01,0.04
7.717,0.34,-0.99,10.98,0.02,0.3,0.05
7.728,0.73,-0.88,10.64,0.0,0.22,0.02
7.74,0.73,-0.88,10.64,0.0,0.22,0.02
7.752,-0.24,-0.02,9.76,-0.03,0.09,0.02
7.763,-0.24,-0.02,9.76,-0.03,0.09,0.02
7.777,0.41,1.74,8.72,-0.03,0.01,0.01
7.788,-0.72,0.23,8.18,0.03,0.03,0.01
7.8,-0.72,0.23,8.18,0.03,0.03,0.01
7.812,0.71,0.23,9.47,0.05,-0.05,0.0
7.825,0.71,0.23,9.47,0.05,-0.05,0.0
7.836,0.02,1.58,10.11,0.05,-0.05,0.01
7.848,1.36,3.74,10.23,0.04,0.09,0.02
7.859,1.36,3.74,10.23,0.04,0.09,0.02
7.872,0.13,6.76,10.06,0.03,0.26,0.03
7.884,0.13,6.76,10.06,0.03,0.26,0.03
7.895,0.4,7.68,12.76,0.04,0.29,-0.0
7.907,0.68,8.31,8.59,0.07,0.27,-0.07
7.922,0.68,8.31,8.59,0.07,0.27,-0.07
7.933,0.42,8.94,9.71,0.12,0.44,-0.13
7.945,0.42,8.94,9.71,0.12,0.44,-0.13
7.955,0.21,5.61,11.32,0.11,0.57,-0.23
7.967,0.16,-4.07,9.7,0.17,0.67,-0.34
7.98,0.16,-4.07,9.7,0.17,0.67,-0.34
7.992,0.54,-17.05,13.85,0.27,0.72,-0.43
8.003,0.54,-17.05,13.85,0.27,0.72,-0.43
8.015,1.36,-29.13,11.94,0.75,0.41,-0.66
8.028,-1.28,-31.88,12.98,1.12,-0.17,-0.54
8.04,-1.28,-31.88,12.98,1.12,-0.17,-0.54
8.051,-0.58,-22.56,17.11,2.04,-1.25,-0.11
8.063,-0.58,-22.56,17.11,2.04,-1.25,-0.11
8.076,2.3,-1.36,14.44,4.38,-1.74,-0.35
8.088,-0.71,20.54,4.18,7.39,0.32,-0.59
8.099,-0.71,20.54,4.18,7.39,0.32,-0.59
8.111,1.42,16.54,8.4,9.07,-0.32,-0.71
8.124,1.42,16.54,8.4,9.07,-0.32,-0.71
8.136,7.33,17.62,18.74,7.85,-1.48,-0.82
8.148,-1.48,22.0,-14.46,1.29,9.3,-0.28
8.159,-1.48,22.0,-14.46,1.29,9.3,-0.28
8.172,-5.57,3.96,5.14,-1.88,18.85,-0.55
8.184,-5.57,3.96,5.14,-1.88,18.85,-0.55
8.195,-7.33,1.6,3.89,-1.55,20.27,-1.25
8.207,-5.53,1.06,-1.48,-0.67,20.18,-1.73
8.22,-5.53,1.06,-1.48,-0.67,20.18,-1.73
8.232,-4.94,0.88,-3.32,0.36,20.16,-1.82
8.244,-4.94,0.88,-3.32,0.36,20.16,-1.82
8.255,-6.2,1.37,-2.5,1.32,20.16,-1.54
8.261,-6.2,1.37,-2.5,1.32,20.16,-1.54
8.270999999999999,-6.137662337662339,1.5206493506493475,-2.2298701298701356,1.4927272727272691,20.11974025974026,-1.1179220779220866
8.280999999999999,-6.075324675324678,1.671298701298695,-1.9597402597402709,1.6654545454545384,20.079480519480523,-0.6958441558441734
8.290999999999999,-6.012987012987017,1.8219480519480427,-1.6896103896104064,1.8381818181818075,20.03922077922078,-0.2737662337662601
8.300999999999998,-5.950649350649356,1.97259740259739,-1.4194805194805418,2.0109090909090765,19.998961038961042,0.1483116883116533
8.311,-5.888311688311684,2.1232467532467645,-1.1493506493506294,2.1836363636363765,19.958701298701296,0.5703896103896415
8.321,-5.8259740259740225,2.273896103896112,-0.8792207792207649,2.3563636363636453,19.918441558441558,0.9924675324675549
8.331,-5.763636363636361,2.4245454545454592,-0.6090909090909002,2.5290909090909146,19.87818181818182,1.4145454545454683
8.338,-5.72,2.53,-0.42,2.65,19.85,1.71
8.347999999999999,-5.5238461538461605,2.328717948717956,-0.5046153846153816,2.232051282051297,19.844871794871796,1.9138461538461464
8.357999999999999,-5.327692307692322,2.127435897435912,-0.5892307692307631,1.8141025641025945,19.83974358974359,2.117692307692293
8.367999999999999,-5.131538461538483,1.926153846153868,-0.6738461538461447,1.3961538461538918,19.834615384615386,2.321538461538439
8.377999999999998,-4.935384615384644,1.7248717948718242,-0.7584615384615262,0.9782051282051891,19.82948717948718,2.525384615384586
8.388,-4.739230769230771,1.5235897435897443,-0.8430769230769228,0.5602564102564123,19.824358974358972,2.7292307692307682
8.398,-4.5430769230769315,1.3223076923077004,-0.9276923076923043,0.14230769230770912,19.819230769230767,2.9330769230769143
8.408,-4.346923076923092,1.1210256410256565,-1.012307692307686,-0.2756410256409936,19.814102564102562,3.136923076923061
8.416,-4.19,0.96,-1.08,-0.61,19.81,3.3
8.426,-4.765949367088604,3.1118987341772004,-11.27240506329107,-0.8606329113924034,18.11000000000001,2.862025316455699
8.436,-5.3418987341772075,5.263797468354401,-21.464810126582137,-1.1112658227848067,16.41000000000002,2.424050632911398
8.446,-5.917848101265811,7.415696202531602,-31.657215189873213,-1.3618987341772102,14.710000000000033,1.9860759493670972
8.456,-6.4937974683544155,9.567594936708801,-41.849620253164275,-1.6125316455696135,13.010000000000044,1.5481012658227964
8.466000000000001,-7.069746835443121,11.719493670886386,-52.042025316457156,-1.8631645569620612,11.309999999999754,1.1101265822784177
8.476,-7.645696202531725,13.871392405063585,-62.234430379748225,-2.113797468354465,9.609999999999765,0.6721518987341168
8.486,-8.221645569620328,16.023291139240786,-72.4268354430393,-2.364430379746868,7.909999999999778,0.23417721518981605
8.495,-8.74,17.96,-81.6,-2.59,6.38,-0.16
8.504999999999999,-13.043333333333162,24.763333333333065,-69.26888888888936,-1.4400000000000452,5.630000000000029,-0.143333333333334
8.514999999999999,-17.346666666666327,31.56666666666613,-56.93777777777875,-0.29000000000009063,4.880000000000059,-0.12666666666666798
8.524999999999999,-21.649999999999487,38.369999999999195,-44.606666666668126,0.859999999999864,4.130000000000089,-0.11000000000000199
8.534999999999998,-25.95333333333265,45.17333333333226,-32.2755555555575,2.0099999999998186,3.3800000000001185,-0.09333333333333597
8.545,-30.256666666666582,51.97666666666653,-19.94444444444469,3.159999999999977,2.630000000000015,-0.07666666666666701
8.555,-34.55999999999974,58.779999999999596,-7.613333333334069,4.309999999999932,1.8800000000000443,-0.060000000000001
8.565,-38.8633333333329,65.58333333333266,4.717777777776561,5.459999999999887,1.1300000000000745,-0.043333333333334986
8.575,-43.16666666666607,72.38666666666572,17.048888888887177,6.609999999999841,0.3800000000001038,-0.026666666666668976
8.585,-47.47,79.19,29.38,7.76,-0.37,-0.01
8.596,-42.78,17.43,-85.23,-0.3,-1.59,-0.17
8.608,22.79,-11.69,37.24,-0.38,8.07,0.02
8.62,22.79,-11.69,37.24,-0.38,8.07,0.02
8.633,12.31,-11.66,42.6,-2.01,6.48,0.04
8.644,12.31,-11.66,42.6,-2.01,6.48,0.04
8.655,-31.31,-6.91,0.32,-3.73,4.66,0.04
8.667,-7.11,-4.41,15.16,-3.55,4.55,0.04
8.68,-7.11,-4.41,15.16,-3.55,4.55,0.04
8.692,1.38,-2.12,-10.1,-3.74,1.05,0.04
8.703,1.38,-2.12,-10.1,-3.74,1.05,0.04
8.715,12.8,-7.97,-34.7,-2.74,-0.68,0.04
8.728,16.74,-14.32,-19.55,-0.76,-0.83,0.04
8.741,16.74,-14.32,-19.55,-0.76,-0.83,0.04
8.752,8.32,-12.93,10.93,0.33,-0.68,0.04
8.763,8.32,-12.93,10.93,0.33,-0.68,0.04
8.777,2.29,-6.29,31.12,-0.1,-0.1,0.04
8.789,2.38,0.02,19.94,-1.29,0.51,0.04
8.801,2.38,0.02,19.94,-1.29,0.51,0.04
8.813,8.67,-5.52,11.69,-1.78,0.98,0.04
8.824,8.67,-5.52,11.69,-1.78,0.98,0.04
8.837,-4.16,-2.78,-15.96,-1.93,0.38,0.04
8.848,-6.34,-1.8,-18.96,-0.55,-1.99,0.04
8.86,-6.34,-1.8,-18.96,-0.55,-1.99,0.04
8.872,-11.69,-8.57,31.84,0.77,-1.57,0.04
8.885,-11.69,-8.57,31.84,0.77,-1.57,0.04
8.897,18.31,-4.49,16.49,-0.39,-0.44,0.04
8.908,1.4,-4.75,-6.62,-0.64,1.68,0.04
8.92,1.4,-4.75,-6.62,-0.64,1.68,0.04
8.933,-0.64,-4.66,0.98,0.04,1.2,0.04
8.945,-0.64,-4.66,0.98,0.04,1.2,0.04
8.956,-1.23,-5.85,1.4,0.22,-0.92,0.04
8.968,1.65,-5.33,-2.49,0.66,-2.44,0.04
8.982,1.65,-5.33,-2.49,0.66,-2.44,0.04
8.994,1.09,-1.77,1.54,1.23,-0.96,0.04
9.005,1.09,-1.77,1.54,1.23,-0.96,0.04
9.017,0.41,-0.56,0.53,1.56,0.12,0.04
9.03,0.76,-2.18,-2.92,1.87,0.43,0.04
9.041,0.76,-2.18,-2.92,1.87,0.43,0.04
9.053,-1.0,-1.52,2.42,2.31,0.29,0.04
9.064,-1.0,-1.52,2.42,2.31,0.29,0.04
9.078,0.34,-1.07,2.04,2.72,-0.62,0.04
9.09,0.64,0.09,1.57,3.13,-0.2,0.04
9.101,0.64,0.09,1.57,3.13,-0.2,0.04
9.113,-0.6,0.95,2.0,3.5,0.25,0.04
9.125,-0.6,0.95,2.0,3.5,0.25,0.04
9.138,0.04,1.73,1.47,3.88,-0.36,0.04
9.149,0.16,2.77,1.44,4.25,-0.13,0.04
9.161,0.16,2.77,1.44,4.25,-0.13,0.04
9.172,9.04,37.41,-7.82,3.28,0.64,0.04
9.186,9.04,37.41,-7.82,3.28,0.64,0.04
9.197,-2.88,31.14,-16.16,-0.18,0.37,0.04
9.209,-1.76,3.02,-12.85,-0.81,0.09,0.04
9.22,-1.76,3.02,-12.85,-0.81,0.09,0.04
9.233,-0.91,-0.91,2.62,-0.91,-0.48,0.04
9.245,-0.91,-0.91,2.62,-0.91,-0.48,0.04
9.257,1.14,-1.52,-0.36,-0.36,-0.33,0.04
9.268,-0.5,-0.27,0.73,0.11,0.53,0.04
9.281,-0.5,-0.27,0.73,0.11,0.53,0.04
9.293,-0.47,0.09,1.07,0.57,-0.09,0.04
9.304,-0.47,0.09,1.07,0.57,-0.09,0.04
9.315,0.21,0.31,1.01,1.01,-0.26,0.04
9.329,8.71,-1.96,20.36,1.42,0.3,0.04
9.34,8.71,-1.96,20.36,1.42,0.3,0.04
9.352,-0.34,7.73,2.93,0.25,0.58,0.04
9.364,-0.34,7.73,2.93,0.25,0.58,0.04
9.375,-0.16,0.99,4.18,-0.25,-0.77,0.04
9.388,2.74,0.34,8.12,0.15,-0.13,0.04
9.4,2.74,0.34,8.12,0.15,-0.13,0.04
9.412,-4.27,-0.47,30.36,0.27,1.13,0.04
9.423,-4.27,-0.47,30.36,0.27,1.13,0.04
9.436,-1.27,0.27,4.71,0.13,-0.11,0.04
9.448,-0.55,-0.31,12.99,0.02,0.16,0.04
9.459,-0.55,-0.31,12.99,0.02,0.16,0.04
9.47,0.74,-0.4,10.61,-0.08,-0.22,0.04
9.482,0.74,-0.4,10.61,-0.08,-0.22,0.04
9.494,0.37,-0.34,9.19,-0.08,-0.23,0.04
9.506,0.37,-0.34,9.19,-0.08,-0.23,0.04
9.518,1.15,-0.31,8.42,-0.04,-0.12,0.04
9.531,0.84,-0.31,9.15,0.02,0.06,0.04
9.542,0.84,-0.31,9.15,0.02,0.06,0.04
9.554,0.02,-0.23,10.51,0.05,0.16,0.04
9.566,0.02,-0.23,10.51,0.05,0.16,0.04
9.579,0.07,-0.26,10.2,0.05,0.11,0.04
9.591,0.54,-0.24,9.22,0.04,0.07,0.04
9.602,0.54,-0.24,9.22,0.04,0.07,0.04
9.614,-0.28,-0.39,11.08,0.03,0.09,0.04
9.625,-0.28,-0.39,11.08,0.03,0.09,0.04
9.639,0.08,-0.4,9.68,-0.0,-0.04,0.0
9.651,0.44,-0.27,9.6,-0.03,-0.08,-0.01
9.662,0.44,-0.27,9.6,-0.03,-0.08,-0.01
9.674,0.13,-0.3,10.23,-0.03,-0.08,0.01
9.686,0.13,-0.3,10.23,-0.03,-0.08,0.01
9.698,0.33,-0.39,9.86,-0.04,-0.11,-0.01
9.71,0.59,-0.36,9.89,-0.04,-0.12,-0.01
9.722,0.59,-0.36,9.89,-0.04,-0.12,-0.01
9.735,0.86,-0.39,9.04,-0.01,-0.05,-0.01
9.746,0.86,-0.39,9.04,-0.01,-0.05,-0.01
9.758,0.61,-0.32,9.56,0.02,0.04,0.01
9.77,0.18,-0.41,10.11,0.03,0.1,0.01
9.783,0.18,-0.41,10.11,0.03,0.1,0.01
9.795,0.31,-0.33,10.09,0.03,0.07,0.0
9.807,0.31,-0.33,10.09,0.03,0.07,0.0
9.818,0.27,-0.34,9.75,0.02,0.04,-0.01
9.831,0.13,-0.35,9.76,0.02,0.03,0.0
9.843,0.13,-0.35,9.76,0.02,0.03,0.0
9.855,0.27,-0.38,10.07,0.01,0.01,0.0
9.866,0.27,-0.38,10.07,0.01,0.01,0.0
9.877,0.25,-0.34,9.96,0.0,-0.01,-0.01
9.891,0.19,-0.34,9.7,-0.01,-0.02,-0.0
9.903,0.19,-0.34,9.7,-0.01,-0.02,-0.0
9.915,0.24,-0.32,10.01,-0.02,-0.04,0.0
9.927,0.24,-0.32,10.01,-0.02,-0.04,0.0
9.94,0.24,-0.39,9.95,-0.02,-0.06,-0.0
9.952,0.44,-0.19,9.67,-0.03,-0.08,-0.01
9.964,0.44,-0.19,9.67,-0.03,-0.08,-0.01
9.975,0.51,-0.35,9.69,-0.02,-0.05,-0.0
9.989,0.42,-0.28,9.51,-0.0,-0.0,-0.0
10.0,0.42,-0.28,9.51,-0.0,-0.0,-0.0
10.011,0.26,-0.41,9.68,0.01,0.02,0.0
10.023,0.26,-0.41,9.68,0.01,0.02,0.0
10.036,0.38,-0.3,9.7,0.01,0.03,-0.0
10.047,0.38,-0.3,9.7,0.01,0.03,-0.0
10.059,0.37,-0.38,9.74,0.02,0.04,-0.0
10.071,0.2,-0.33,9.98,0.02,0.05,0.01
10.075,0.2,-0.33,9.98,0.02,0.05,0.01
10.084999999999999,0.1870129870129873,-0.33259740259740256,9.972207792207792,0.017402597402597458,0.043506493506493646,0.008701298701298729
10.094999999999999,0.17402597402597458,-0.3351948051948051,9.964415584415585,0.014805194805194913,0.03701298701298728,0.007402597402597457
10.104999999999999,0.16103896103896187,-0.33779220779220764,9.956623376623376,0.01220779220779237,0.030519480519480925,0.006103896103896185
10.114999999999998,0.14805194805194913,-0.3403896103896102,9.94883116883117,0.009610389610389826,0.024025974025974565,0.004805194805194913
10.125,0.1350649350649341,-0.3429870129870132,9.941038961038961,0.007012987012986822,0.017532467532467053,0.003506493506493411
10.135,0.1220779220779214,-0.3455844155844157,9.933246753246753,0.004415584415584279,0.011038961038960696,0.0022077922077921395
10.145,0.10909090909090867,-0.34818181818181826,9.925454545454546,0.0018181818181817362,0.004545454545454332,0.0009090909090908681
10.152,0.1,-0.35,9.92,-0.0,-0.0,0.0
10.161999999999999,0.1,-0.2962500000000012,9.9225,-0.0012499999999999723,-0.008749999999999807,0.0
10.171999999999999,0.1,-0.24250000000000235,9.924999999999999,-0.0024999999999999445,-0.017499999999999613,0.0
10.181999999999999,0.1,-0.18875000000000355,9.9275,-0.0037499999999999166,-0.02624999999999942,0.0
10.191999999999998,0.1,-0.13500000000000473,9.93,-0.004999999999999889,-0.034999999999999226,0.0
10.202,0.1,-0.08124999999999638,9.9325,-0.006250000000000084,-0.04375000000000059,0.0
10.212,0.1,-0.027499999999997582,9.935,-0.007500000000000055,-0.052500000000000394,0.0
10.222,0.1,0.026250000000001217,9.9375,-0.008750000000000029,-0.0612500000000002,0.0
10.232,0.1,0.08,9.94,-0.01,-0.07,0.0
10.241999999999999,0.13896103896103817,0.020259740259741504,9.929610389610389,-0.004805194805194913,-0.05051948051948093,0.0025974025974025436
10.251999999999999,0.17792207792207632,-0.03948051948051699,9.91922077922078,0.0003896103896101743,-0.03103896103896185,0.005194805194805087
10.261999999999999,0.21688311688311446,-0.0992207792207755,9.908831168831169,0.00558441558441526,-0.011558441558442774,0.00779220779220763
10.271999999999998,0.25584415584415265,-0.15896103896103397,9.898441558441558,0.010779220779220349,0.007922077922076304,0.010389610389610174
10.282,0.29480519480519773,-0.21870129870130312,9.888051948051947,0.015974025974026355,0.027402597402598844,0.012987012987013179
10.292,0.3337662337662359,-0.2784415584415616,9.877662337662336,0.02116883116883144,0.04688311688311793,0.015584415584415721
10.302,0.372727272727274,-0.3381818181818201,9.867272727272727,0.026363636363636526,0.06636363636363701,0.018181818181818264
10.309,0.4,-0.38,9.86,0.03,0.08,0.02
10.318999999999999,0.3681318681318692,-0.37670329670329683,9.885274725274725,0.028901098901098935,0.07670329670329681,0.017802197802197876
10.328999999999999,0.3362637362637384,-0.3734065934065936,9.910549450549448,0.027802197802197875,0.07340659340659363,0.01560439560439575
10.338999999999999,0.3043956043956076,-0.3701098901098904,9.935824175824173,0.02670329670329681,0.07010989010989044,0.013406593406593625
10.348999999999998,0.2725274725274768,-0.36681318681318725,9.961098901098897,0.02560439560439575,0.06681318681318725,0.0112087912087915
10.359,0.2406593406593403,-0.36351648351648347,9.986373626373627,0.024505494505494493,0.06351648351648348,0.009010989010988986
10.369,0.2087912087912095,-0.3602197802197803,10.01164835164835,0.02340659340659343,0.06021978021978029,0.0068131868131868605
10.379,0.17692307692307865,-0.35692307692307707,10.036923076923076,0.02230769230769237,0.056923076923077104,0.004615384615384736
10.389,0.14505494505494787,-0.3536263736263739,10.0621978021978,0.021208791208791305,0.053626373626373916,0.0024175824175826123
10.4,0.11,-0.35,10.09,0.02,0.05,0.0
10.412,0.02,-0.31,9.79,0.02,0.01,-0.0
10.424,0.02,-0.31,9.79,0.02,0.01,-0.0
10.435,0.22,-0.34,9.68,0.01,-0.01,-0.01
10.447,0.22,-0.34,9.68,0.01,-0.01,-0.01
10.46,0.16,-0.32,10.06,-0.0,-0.03,0.0
10.471,0.19,-0.34,10.0,-0.01,-0.07,-0.0
10.483,0.19,-0.34,10.0,-0.01,-0.07,-0.0
10.495,0.17,-0.29,9.74,-0.02,-0.09,-0.01
10.508,0.17,-0.29,9.74,-0.02,-0.09,-0.01
10.52,0.34,-0.12,9.93,-0.03,-0.1,-0.0
10.531,0.35,-0.17,9.83,-0.04,-0.12,-0.0
10.543,0.35,-0.17,9.83,-0.04,-0.12,-0.0
10.556,0.72,-0.27,9.57,-0.03,-0.12,-0.01
10.568,0.72,-0.27,9.57,-0.03,-0.12,-0.01
10.58,0.85,-0.37,9.13,-0.0,-0.03,-0.01
10.591,0.25,-0.3,9.94,0.03,0.06,0.02
10.604,0.25,-0.3,9.94,0.03,0.06,0.02
10.616,0.12,-0.33,10.07,0.04,0.08,0.01
10.627,0.12,-0.33,10.07,0.04,0.08,0.01
10.639,0.48,-0.23,9.76,0.03,0.06,-0.01
10.652,0.41,-0.18,9.89,0.03,0.06,0.0
10.663,0.41,-0.18,9.89,0.03,0.06,0.0
10.675,0.08,-0.17,10.04,0.03,0.05,0.0
10.687,0.08,-0.17,10.04,0.03,0.05,0.0
10.701,0.16,-0.25,9.72,0.02,0.02,-0.01
10.712,0.38,-0.26,9.94,0.0,-0.01,-0.0
10.724,0.38,-0.26,9.94,0.0,-0.01,-0.0
10.736,0.17,-0.27,10.16,-0.0,-0.03,0.0
10.749,0.17,-0.27,10.16,-0.0,-0.03,0.0
10.76,0.36,-0.22,9.84,-0.01,-0.06,-0.01
10.771,0.39,-0.18,9.75,-0.01,-0.06,-0.01
10.783,0.39,-0.18,9.75,-0.01,-0.06,-0.01
10.796,0.23,-0.34,9.85,-0.02,-0.07,0.0
10.809,0.23,-0.34,9.85,-0.02,-0.07,0.0
10.82,0.3,-0.34,9.91,-0.02,-0.08,-0.0
10.832,0.28,-0.34,9.63,-0.03,-0.09,-0.01
10.846,0.28,-0.34,9.63,-0.03,-0.09,-0.01
10.858,0.56,-0.26,9.58,-0.02,-0.08,-0.01
10.869,0.56,-0.26,9.58,-0.02,-0.08,-0.01
10.881,0.65,-0.29,9.39,0.0,-0.02,-0.01
10.895,0.32,-0.29,9.96,0.02,0.04,0.01
10.907,0.32,-0.29,9.96,0.02,0.04,0.01
10.918,0.17,-0.23,10.06,0.02,0.03,0.0
10.93,0.41,-0.28,9.65,0.02,-0.0,-0.01
10.942,0.41,-0.28,9.65,0.02,-0.0,-0.01
10.955,0.25,-0.35,9.8,0.0,-0.01,0.0
10.967,0.25,-0.35,9.8,0.0,-0.01,0.0
10.978,0.23,-0.33,10.08,-0.0,-0.02,0.0
10.99,0.41,-0.31,9.85,-0.0,-0.04,-0.01
11.004,0.41,-0.31,9.85,-0.0,-0.04,-0.01
11.016,0.32,-0.22,9.71,-0.01,-0.05,-0.01
11.027,0.32,-0.22,9.71,-0.01,-0.05,-0.01
11.039,0.72,-0.27,9.5,0.0,-0.03,-0.01
11.053,0.44,-0.34,9.73,0.01,0.01,0.01
11.065,0.44,-0.34,9.73,0.01,0.01,0.01
11.076,0.21,-0.27,10.01,0.01,0.02,0.0
11.088,0.21,-0.27,10.01,0.01,0.02,0.0
11.101,0.33,-0.31,9.79,0.0,-0.01,-0.01
11.113,0.49,-0.27,9.79,-0.0,-0.02,-0.01
11.125,0.49,-0.27,9.79,-0.0,-0.02,-0.01
11.137,0.37,-0.3,9.87,-0.01,-0.02,0.0
11.15,0.54,-0.36,9.67,0.0,-0.01,-0.01
11.161,0.54,-0.36,9.67,0.0,-0.01,-0.01
11.173,0.45,-0.26,9.78,0.01,0.01,0.0
11.184,0.45,-0.26,9.78,0.01,0.01,0.0
11.198,0.32,-0.33,9.8,0.02,0.03,0.0
11.21,0.36,-0.35,10.01,0.01,0.02,0.0
11.221,0.36,-0.35,10.01,0.01,0.02,0.0
11.232,0.36,-0.29,9.81,0.01,0.0,-0.0
11.246,0.36,-0.29,9.81,0.01,0.0,-0.0
11.257,0.34,-0.34,9.83,0.01,0.0,-0.0
11.269,0.34,-0.34,9.83,0.01,0.0,-0.0
11.281,0.28,-0.34,9.91,0.01,-0.0,-0.0
11.292,0.34,-0.35,9.86,-0.0,-0.02,-0.01
11.306,0.34,-0.35,9.86,-0.0,-0.02,-0.01
11.317,0.2,-0.32,9.8,-0.01,-0.03,-0.0
11.328,0.2,-0.32,9.8,-0.01,-0.03,-0.0
11.34,0.47,-0.27,9.86,-0.01,-0.05,-0.01
11.353,0.54,-0.3,9.5,0.0,-0.02,-0.01
11.364,0.54,-0.3,9.5,0.0,-0.02,-0.01
11.376,0.4,-0.24,9.8,0.01,0.02,0.0
11.388,0.4,-0.24,9.8,0.01,0.02,0.0
11.401,0.24,0.06,9.88,0.01,0.02,0.0
11.413,0.11,0.08,10.07,0.0,0.0,-0.01
11.424,0.11,0.08,10.07,0.0,0.0,-0.01
11.436,0.28,-0.34,9.82,0.0,-0.03,-0.01
11.449,0.28,-0.34,9.82,0.0,-0.03,-0.01
11.46,0.56,-0.56,9.51,-0.0,-0.02,-0.02
11.472,0.45,-0.38,9.63,0.01,0.02,0.0
11.483,0.45,-0.38,9.63,0.01,0.02,0.0
11.495,0.19,-0.42,10.08,0.02,0.05,0.01
11.507,0.19,-0.42,10.08,0.02,0.05,0.01
11.519,0.27,-0.31,9.94,0.02,0.03,-0.0
11.53,0.42,-0.33,9.6,0.01,0.01,-0.01
11.544,0.42,-0.33,9.6,0.01,0.01,-0.01
11.555,0.24,-0.33,9.9,0.01,0.02,0.0
11.565,0.24,-0.33,9.9,0.01,0.02,0.0
11.577,0.27,-0.35,10.08,0.01,0.0,0.0
11.588,0.27,-0.35,10.08,0.01,0.0,0.0
11.602,0.27,-0.37,9.68,0.0,-0.01,-0.01
11.614,0.29,-0.29,9.8,-0.0,-0.02,-0.0
11.625,0.29,-0.29,9.8,-0.0,-0.02,-0.0
11.637,0.16,-0.31,9.95,-0.0,-0.02,0.0
11.65,0.16,-0.31,9.95,-0.0,-0.02,0.0
11.661,0.42,-0.39,9.82,-0.01,-0.04,-0.01
11.673,0.21,-0.29,9.85,-0.01,-0.05,-0.0
11.685,0.21,-0.29,9.85,-0.01,-0.05,-0.0
11.698,0.37,-0.34,9.77,-0.01,-0.05,-0.01
11.709,0.37,-0.34,9.77,-0.01,-0.05,-0.01
11.72,0.6,-0.31,9.49,-0.0,-0.03,-0.01
11.732,0.38,-0.25,9.72,0.01,0.03,0.01
11.745,0.38,-0.25,9.72,0.01,0.03,0.01
11.757,0.25,-0.05,9.93,0.03,0.06,0.0
11.768,0.25,-0.05,9.93,0.03,0.06,0.0
11.78,0.15,-0.1,10.01,0.02,0.05,-0.0
11.793,0.25,-0.18,9.74,0.01,0.02,-0.01
11.805,0.25,-0.18,9.74,0.01,0.02,-0.01
11.817,0.19,-0.36,9.9,0.0,-0.01,-0.0
11.827,0.19,-0.36,9.9,0.0,-0.01,-0.0
11.841,0.28,-0.35,9.73,-0.01,-0.04,0.0
11.853,0.16,-0.32,10.06,-0.02,-0.06,0.0
11.865,0.16,-0.32,10.06,-0.02,-0.06,0.0
11.877,0.44,-0.3,9.36,-0.01,-0.06,-0.01
11.89,0.44,-0.3,9.36,-0.01,-0.06,-0.01
11.901,0.51,-0.34,9.41,-0.0,-0.01,-0.0
11.913,0.32,-0.27,9.96,0.02,0.03,0.01
11.925,0.32,-0.27,9.96,0.02,0.03,0.01
11.936,0.03,-0.18,10.04,0.02,0.04,-0.0
11.949,0.03,-0.18,10.04,0.02,0.04,-0.0
11.961,0.31,-0.14,9.65,0.01,-0.0,-0.01
11.973,0.21,-0.23,10.12,-0.01,-0.02,0.01
11.984,0.21,-0.23,10.12,-0.01,-0.02,0.01
11.997,0.43,-0.29,9.9,-0.01,-0.05,-0.01
12.009,0.43,-0.29,9.9,-0.01,-0.05,-0.01
12.021,0.58,-0.26,9.43,-0.0,-0.05,-0.01
12.033,0.4,-0.3,9.54,0.01,0.01,0.0
12.047,0.4,-0.3,9.54,0.01,0.01,0.0
12.059,0.29,-0.17,10.28,0.02,0.05,0.0
12.07,0.29,-0.17,10.28,0.02,0.05,0.0
12.082,0.23,-0.17,9.86,0.01,0.01,-0.0
12.095,0.38,-0.26,9.75,-0.0,-0.02,-0.0
12.107,0.38,-0.26,9.75,-0.0,-0.02,-0.0
12.118,0.38,-0.32,9.91,-0.0,-0.03,0.0
12.129,0.38,-0.32,9.91,-0.0,-0.03,0.0
12.143,0.75,-0.01,9.26,0.01,-0.02,-0.01
12.155,-0.0,0.39,10.25,0.01,0.04,-0.01
12.167,-0.0,0.39,10.25,0.01,0.04,-0.01
12.179,1.23,0.64,10.48,0.06,0.19,-0.03
12.192,3.39,0.84,14.02,0.14,0.52,-0.09
12.203,3.39,0.84,14.02,0.14,0.52,-0.09
12.215,2.72,0.01,13.44,0.03,1.17,-0.02
12.226,2.72,0.01,13.44,0.03,1.17,-0.02
12.24,0.99,-0.81,10.3,-0.07,1.82,0.14
12.251,-0.36,-0.98,9.68,-0.01,2.1,0.12
12.263,-0.36,-0.98,9.68,-0.01,2.1,0.12
12.275,0.42,-0.56,11.72,0.06,2.3,0.04
12.286,0.42,-0.56,11.72,0.06,2.3,0.04
12.3,1.5,-0.12,11.71,0.02,2.71,0.09
12.311,-0.25,-0.08,10.37,-0.03,3.22,0.17
12.323,-0.25,-0.08,10.37,-0.03,3.22,0.17
12.335,-1.06,-0.1,9.44,0.01,3.61,0.16
12.349,-1.06,-0.1,9.44,0.01,3.61,0.16
12.361,-1.2,-0.04,9.37,0.05,3.9,0.14
12.372,-2.15,0.14,8.67,0.02,4.18,0.17
12.384,-2.15,0.14,8.67,0.02,4.18,0.17
12.397,-3.85,0.25,7.25,-0.0,4.36,0.2
12.409,-3.85,0.25,7.25,-0.0,4.36,0.2
12.42,-4.81,0.27,6.16,0.02,4.42,0.19
12.432,-5.41,0.3,5.77,0.04,4.37,0.17
12.445,-5.41,0.3,5.77,0.04,4.37,0.17
12.456,-6.29,0.3,4.83,0.03,4.27,0.17
12.467,-6.29,0.3,4.83,0.03,4.27,0.17
12.479,-7.27,0.17,3.78,0.01,4.1,0.18
12.493,-8.15,0.08,3.04,0.0,3.89,0.17
12.505,-8.15,0.08,3.04,0.0,3.89,0.17
12.516,-8.59,-0.04,2.73,0.02,3.61,0.14
12.528,-8.59,-0.04,2.73,0.02,3.61,0.14
12.54,-8.9,-0.04,2.51,0.02,3.34,0.13
12.553,-9.22,0.11,2.01,0.01,3.11,0.14
12.564,-9.22,0.11,2.01,0.01,3.11,0.14
12.576,-9.55,0.14,1.54,0.01,2.9,0.13
12.588,-9.55,0.14,1.54,0.01,2.9,0.13
12.601,-11.41,0.14,3.35,0.02,2.72,0.12
12.613,-10.15,1.14,0.05,0.03,2.46,0.11
12.625,-10.15,1.14,0.05,0.03,2.46,0.11
12.636,-10.09,-0.15,0.5,0.01,2.12,0.09
12.641,-10.09,-0.15,0.5,0.01,2.12,0.09
12.651,-10.08090909090909,-0.10064935064935167,0.42857142857143005,0.01,2.0200000000000022,0.08610389610389618
12.661,-10.071818181818182,-0.05129870129870334,0.3571428571428601,0.01,1.9200000000000044,0.08220779220779237
12.671,-10.062727272727273,-0.0019480519480550018,0.28571428571429014,0.01,1.8200000000000063,0.07831168831168855
12.681,-10.053636363636365,0.04740259740259331,0.21428571428572019,0.01,1.7200000000000084,0.07441558441558474
12.691,-10.044545454545453,0.09675324675325042,0.14285714285713752,0.01,1.6199999999999928,0.07051948051948023
12.701,-10.035454545454545,0.14610389610389876,0.07142857142856757,0.01,1.5199999999999947,0.06662337662337642
12.711,-10.026363636363635,0.19545454545454707,-2.3314683517128287e-15,0.01,1.4199999999999968,0.0627272727272726
12.718,-10.02,0.23,-0.05,0.01,1.35,0.06
12.728,-9.897215189873421,0.21354430379746886,-0.38797468354429393,0.01126582278481009,1.2411392405063324,0.05493670886075964
12.738,-9.774430379746843,0.19708860759493768,-0.7259493670885879,0.01253164556962018,1.1322784810126647,0.049873417721519285
12.748,-9.651645569620264,0.1806329113924065,-1.063924050632882,0.01379746835443027,1.0234177215189968,0.044810126582278925
12.758,-9.528860759493686,0.16417721518987535,-1.4018987341771758,0.015063291139240358,0.9145569620253292,0.03974683544303857
12.768,-9.406075949367086,0.14772151898734126,-1.7398734177215298,0.016329113924050676,0.8056962025316421,0.03468354430379731
12.778,-9.283291139240507,0.13126582278481008,-2.0778481012658236,0.017594936708860764,0.6968354430379744,0.029620253164556954
12.788,-9.160506329113929,0.11481012658227893,-2.4158227848101177,0.018860759493670852,0.5879746835443067,0.024556962025316598
12.797,-9.05,0.1,-2.72,0.02,0.49,0.02
12.807,-9.007142857142858,0.19999999999999793,-2.194025974025985,0.025194805194805086,0.39129870129870337,0.01350649350649364
12.817,-8.964285714285717,0.2999999999999958,-1.66805194805197,0.03038961038961017,0.2925974025974067,0.007012987012987281
12.827,-8.921428571428574,0.3999999999999938,-1.1420779220779549,0.03558441558441526,0.19389610389611,0.0005194805194809228
12.837,-8.878571428571433,0.4999999999999917,-0.6161038961039398,0.040779220779220346,0.09519480519481338,-0.0059740259740254376
12.847000000000001,-8.835714285714284,0.6000000000000073,-0.09012987012983098,0.04597402597402635,-0.0035064935065008407,-0.01246753246753295
12.857000000000001,-8.792857142857141,0.7000000000000053,0.4358441558441841,0.05116883116883143,-0.10220779220779752,-0.018961038961039307
12.867,-8.75,0.8000000000000032,0.9618181818181992,0.05636363636363652,-0.20090909090909415,-0.02545454545454567
12.874,-8.72,0.87,1.33,0.06,-0.27,-0.03
12.884,-8.82111111111111,0.8033333333333347,0.9522222222222299,0.05222222222222238,-0.23666666666666733,-0.02666666666666673
12.894,-8.922222222222219,0.7366666666666692,0.5744444444444595,0.04444444444444475,-0.20333333333333464,-0.023333333333333463
12.904,-9.023333333333328,0.6700000000000039,0.1966666666666892,0.036666666666667125,-0.17000000000000198,-0.020000000000000198
12.914,-9.124444444444437,0.6033333333333386,-0.18111111111108102,0.028888888888889505,-0.1366666666666693,-0.016666666666666927
12.924000000000001,-9.225555555555564,0.5366666666666614,-0.5588888888889185,0.021111111111110498,-0.1033333333333307,-0.013333333333333069
12.934000000000001,-9.326666666666673,0.4699999999999961,-0.9366666666666887,0.013333333333332878,-0.06999999999999801,-0.0099999999999998
12.944,-9.427777777777782,0.4033333333333307,-1.314444444444459,0.005555555555555251,-0.03666666666666532,-0.006666666666666533
12.954,-9.528888888888892,0.33666666666666534,-1.6922222222222296,-0.0022222222222223684,-0.003333333333332633,-0.0033333333333332646
12.964,-9.63,0.27,-2.07,-0.01,0.03,0.0
12.976,-11.01,0.68,-0.67,0.01,-0.2,-0.02
12.988,-11.01,0.68,-0.67,0.01,-0.2,-0.02
13.0,-8.78,-0.7,-0.7,-0.0,-0.29,-0.07
13.014,-10.17,0.28,-0.13,0.02,0.0,0.0
13.026,-10.17,0.28,-0.13,0.02,0.0,0.0
13.037,-9.98,0.14,-0.01,0.0,-0.01,-0.0
13.048,-9.98,0.14,-0.01,0.0,-0.01,-0.0
13.062,-10.05,0.25,-0.39,-0.0,-0.01,-0.0
13.074,-10.03,0.23,-0.22,-0.0,-0.02,-0.0
13.086,-10.03,0.23,-0.22,-0.0,-0.02,-0.0
13.097,-10.0,0.21,-0.27,-0.0,-0.01,-0.0
13.111,-10.0,0.21,-0.27,-0.0,-0.01,-0.0
13.122,-10.01,0.22,-0.3,0.0,-0.01,-0.0
13.134,-10.01,0.23,-0.32,0.0,-0.01,-0.0
13.146,-10.01,0.23,-0.32,0.0,-0.01,-0.0
13.159,-9.99,0.23,-0.3,0.0,-0.01,-0.0
13.171,-9.99,0.23,-0.3,0.0,-0.01,-0.0
13.183,-10.0,0.23,-0.33,0.0,-0.01,-0.0
13.195,-10.02,0.23,-0.32,-0.0,-0.01,-0.0
13.208,-10.02,0.23,-0.32,-0.0,-0.01,-0.0
13.219,-10.01,0.22,-0.31,-0.0,-0.01,0.0
13.23,-10.01,0.22,-0.31,-0.0,-0.01,0.0
13.243,-10.01,0.22,-0.32,0.0,-0.01,0.0
13.256,-10.02,0.23,-0.36,0.0,-0.01,-0.0
13.267,-10.02,0.23,-0.36,0.0,-0.01,-0.0
13.279,-10.0,0.23,-0.32,0.0,-0.01,-0.0
13.292,-10.02,0.24,-0.3,0.0,-0.01,-0.0
13.304,-10.02,0.24,-0.3,0.0,-0.01,-0.0
13.315,-10.01,0.21,-0.32,0.0,-0.01,-0.0
13.327,-10.01,0.21,-0.32,0.0,-0.01,-0.0
13.34,-10.0,0.23,-0.33,0.0,-0.01,-0.0
13.352,-10.01,0.23,-0.33,0.0,-0.01,0.0
13.364,-10.01,0.23,-0.33,0.0,-0.01,0.0
13.376,-9.96,0.2,-0.38,0.0,-0.01,0.0
13.39,-9.96,0.2,-0.38,0.0,-0.01,0.0
13.401,-10.01,0.2,-0.46,0.01,-0.02,-0.0
13.412,-10.0,0.21,-0.37,0.0,-0.02,-0.0
13.423,-10.0,0.21,-0.37,0.0,-0.02,-0.0
13.437,-10.03,0.23,-0.4,-0.0,-0.0,0.0
13.448,-10.03,0.23,-0.4,-0.0,-0.0,0.0
13.46,-9.98,0.21,-0.29,-0.0,-0.0,0.0
13.471,-9.98,0.21,-0.29,-0.0,-0.0,0.0
13.484,-10.04,0.25,-0.37,-0.0,-0.01,0.0
13.496,-10.0,0.22,-0.33,0.0,-0.01,-0.0
13.507,-10.0,0.22,-0.33,0.0,-0.01,-0.0
13.518,-10.01,0.22,-0.33,-0.0,-0.01,-0.0
13.532,-10.01,0.22,-0.33,-0.0,-0.01,-0.0
13.543,-10.02,0.22,-0.31,0.0,-0.01,-0.0
13.555,-10.0,0.23,-0.29,-0.0,-0.01,-0.0
13.567,-10.0,0.23,-0.29,-0.0,-0.01,-0.0
13.58,-10.0,0.23,-0.35,-0.0,-0.01,0.0
13.592,-10.01,0.21,-0.34,0.0,-0.01,0.0
13.604,-10.01,0.21,-0.34,0.0,-0.01,0.0
13.615,-10.01,0.22,-0.34,0.0,-0.01,-0.0
13.628,-10.01,0.22,-0.34,0.0,-0.01,-0.0
13.639,-10.01,0.23,-0.36,0.0,-0.01,-0.0
13.651,-10.01,0.23,-0.36,0.0,-0.01,-0.0
13.662,-10.01,0.23,-0.34,-0.0,-0.01,0.0
13.675,-10.02,0.23,-0.32,0.0,-0.01,0.0
13.686,-10.02,0.23,-0.32,0.0,-0.01,0.0
13.698,-10.0,0.23,-0.34,0.0,-0.01,0.0
13.709,-10.0,0.23,-0.34,0.0,-0.01,0.0
13.722,-10.01,0.22,-0.31,0.0,-0.01,-0.0
13.734,-10.01,0.22,-0.31,0.0,-0.01,-0.0
13.746,-10.01,0.22,-0.31,0.0,-0.01,-0.0
13.757,-10.01,0.23,-0.34,0.0,-0.01,-0.0
13.77,-10.01,0.23,-0.34,0.0,-0.01,-0.0
13.782,-10.0,0.22,-0.31,-0.0,-0.01,-0.0
13.794,-10.02,0.23,-0.32,-0.0,-0.01,0.0
13.805,-10.02,0.23,-0.32,-0.0,-0.01,0.0
13.818,-10.02,0.24,-0.33,0.0,-0.01,0.0
13.83,-10.02,0.24,-0.33,0.0,-0.01,0.0
13.842,-10.0,0.24,-0.3,0.0,-0.01,0.0
13.853,-10.54,0.35,-0.81,-0.0,-0.01,0.0
13.866,-10.54,0.35,-0.81,-0.0,-0.01,0.0
13.878,-9.98,0.18,-0.35,-0.0,-0.01,0.0
13.889,-9.98,0.18,-0.35,-0.0,-0.01,0.0
13.901,-9.97,0.19,-0.25,0.0,-0.01,0.0
13.915,-9.99,0.32,0.19,-0.02,0.01,0.0
13.927,-9.99,0.32,0.19,-0.02,0.01,0.0
13.938,-10.06,0.28,-0.37,-0.0,-0.02,-0.0
13.949,-10.06,0.28,-0.37,-0.0,-0.02,-0.0
13.963,-10.03,0.25,-0.34,0.0,-0.02,-0.0
13.975,-9.97,0.2,-0.23,0.0,-0.01,0.0
13.986,-9.97,0.2,-0.23,0.0,-0.01,0.0
13.998,-10.03,0.24,-0.42,-0.0,-0.01,-0.0
14.011,-10.03,0.24,-0.42,-0.0,-0.01,-0.0
14.023,-9.98,0.24,-0.24,0.0,-0.01,0.0
14.035,-9.99,0.21,-0.3,0.0,-0.01,-0.0
14.047,-9.99,0.21,-0.3,0.0,-0.01,-0.0
14.06,-10.01,0.23,-0.32,0.0,-0.01,-0.0
14.071,-10.01,0.23,-0.32,0.0,-0.01,-0.0
14.083,-10.04,0.23,-0.39,-0.0,-0.01,0.0
14.094,-9.99,0.2,-0.27,0.0,-0.01,0.0
14.108,-9.99,0.2,-0.27,0.0,-0.01,0.0
14.12,-10.02,0.23,-0.35,0.0,-0.01,-0.0
14.131,-10.02,0.23,-0.35,0.0,-0.01,-0.0
14.143,-10.01,0.24,-0.33,0.0,-0.01,-0.0
14.156,-10.03,0.23,-0.29,0.0,-0.01,-0.0
14.168,-10.03,0.23,-0.29,0.0,-0.01,-0.0
14.179,-10.01,0.23,-0.3,0.0,-0.01,-0.0
14.191,-10.01,0.23,-0.3,0.0,-0.01,-0.0
14.203,-10.01,0.23,-0.33,-0.0,-0.01,-0.0
14.215,-10.01,0.23,-0.33,-0.0,-0.01,-0.0
14.228,-10.01,0.23,-0.33,-0.0,-0.01,-0.0
14.242,-10.02,0.23,-0.31,-0.0,-0.01,0.0
14.253,-9.95,0.21,-0.24,-0.0,-0.01,0.0
14.265,-9.95,0.21,-0.24,-0.0,-0.01,0.0
14.277,-10.0,0.25,-0.31,-0.0,-0.01,0.0
14.29,-10.0,0.25,-0.31,-0.0,-0.01,0.0
14.302,-10.02,0.23,-0.34,0.0,-0.01,-0.0
14.314,-10.0,0.23,-0.32,0.0,-0.01,0.0
14.326,-10.0,0.23,-0.32,0.0,-0.01,0.0
14.34,-10.01,0.23,-0.27,-0.0,-0.01,0.0
14.352,-10.01,0.23,-0.27,-0.0,-0.01,0.0
14.363,-10.0,0.24,-0.34,-0.0,-0.01,-0.0
14.375,-9.92,0.25,-0.15,0.0,-0.01,0.0
14.388,-9.92,0.25,-0.15,0.0,-0.01,0.0
14.4,-10.0,0.22,-0.35,0.0,-0.01,-0.0
14.411,-10.0,0.22,-0.35,0.0,-0.01,-0.0
14.423,-10.02,0.21,-0.42,0.0,-0.01,-0.0
14.436,-10.02,0.25,-0.21,0.0,-0.01,-0.0
14.448,-10.02,0.25,-0.21,0.0,-0.01,-0.0
14.46,-9.99,0.22,-0.27,0.01,-0.01,-0.0
14.471,-9.99,0.22,-0.27,0.01,-0.01,-0.0
14.484,-9.97,0.26,0.09,0.0,-0.01,-0.0
14.495,-10.02,0.24,-0.45,0.0,-0.01,-0.0
14.507,-10.02,0.24,-0.45,0.0,-0.01,-0.0
14.518,-10.01,0.21,-0.28,-0.0,-0.01,0.0
14.531,-10.01,0.21,-0.28,-0.0,-0.01,0.0
14.542,-10.01,0.23,-0.32,0.0,-0.01,0.0
14.554,-10.06,0.27,-0.37,-0.0,-0.01,-0.0
14.566,-10.06,0.27,-0.37,-0.0,-0.01,-0.0
14.58,-10.0,0.22,-0.28,-0.0,-0.01,0.0
14.591,-10.0,0.22,-0.28,-0.0,-0.01,0.0
14.603,-10.0,0.23,-0.31,-0.0,-0.01,-0.0
14.615,-10.02,0.23,-0.33,0.0,-0.01,-0.01
14.628,-10.02,0.23,-0.33,0.0,-0.01,-0.01
14.639,-10.0,0.24,-0.32,-0.0,-0.01,-0.02
14.651,-10.0,0.24,-0.32,-0.0,-0.01,-0.02
14.662,-10.0,0.22,-0.32,0.0,-0.01,-0.01
14.675,-10.01,0.24,-0.34,0.0,-0.01,-0.0
14.688,-10.01,0.24,-0.34,0.0,-0.01,-0.0
14.699,-10.02,0.21,-0.33,0.0,-0.01,-0.0
14.711,-10.02,0.21,-0.33,0.0,-0.01,-0.0
14.725,-9.99,0.22,-0.31,-0.0,-0.01,-0.01
14.736,-10.02,0.23,-0.3,-0.0,-0.01,-0.01
14.748,-10.02,0.23,-0.3,-0.0,-0.01,-0.01
14.759,-10.0,0.21,-0.32,-0.0,-0.01,-0.01
14.772,-10.0,0.21,-0.32,-0.0,-0.01,-0.01
14.784,-10.01,0.22,-0.31,0.0,-0.01,-0.01
14.795,-10.03,0.22,-0.31,-0.0,-0.01,0.0
14.807,-10.03,0.22,-0.31,-0.0,-0.01,0.0
14.82,-10.01,0.22,-0.31,-0.0,-0.01,0.0
14.832,-10.01,0.22,-0.31,-0.0,-0.01,0.0
14.843,-10.01,0.21,-0.32,0.0,-0.01,-0.0
14.855,-10.01,0.22,-0.31,0.0,-0.01,-0.0
14.868,-10.01,0.22,-0.31,0.0,-0.01,-0.0
14.88,-10.01,0.22,-0.32,0.0,-0.01,0.0
14.892,-10.01,0.22,-0.32,0.0,-0.01,0.0
14.904,-10.0,0.2,-0.32,0.0,-0.01,0.0
14.917,-10.01,0.22,-0.32,0.0,-0.01,-0.0
14.928,-10.01,0.22,-0.32,0.0,-0.01,-0.0
14.94,-10.03,0.23,-0.34,-0.0,-0.01,0.0
14.951,-10.03,0.23,-0.34,-0.0,-0.01,0.0
14.964,-9.97,0.24,-0.33,-0.0,-0.01,0.01
14.976,-10.01,0.21,-0.03,0.0,-0.01,0.02
14.987,-10.01,0.21,-0.03,0.0,-0.01,0.02
15.0,-10.02,0.21,-0.29,0.0,-0.01,0.0
15.011,-10.02,0.21,-0.29,0.0,-0.01,0.0
15.023,-10.01,0.22,-0.32,-0.0,-0.01,-0.0
15.035,-10.02,0.22,-0.33,-0.0,-0.01,-0.0
15.039,-10.02,0.22,-0.33,-0.0,-0.01,-0.0
15.049,-10.016103896103896,0.20051948051948093,-0.33259740259740256,0.0025974025974025436,-0.012597402597402543,-0.010389610389610174
15.059,-10.012207792207793,0.18103896103896183,-0.3351948051948051,0.005194805194805087,-0.015194805194805086,-0.02077922077922035
15.068999999999999,-10.008311688311688,0.1615584415584428,-0.33779220779220764,0.00779220779220763,-0.01779220779220763,-0.03116883116883052
15.078999999999999,-10.004415584415584,0.1420779220779237,-0.3403896103896102,0.010389610389610174,-0.020389610389610173,-0.0415584415584407
15.089,-10.00051948051948,0.12259740259740116,-0.3429870129870132,0.012987012987013179,-0.022987012987013174,-0.051948051948052715
15.099,-9.996623376623376,0.10311688311688208,-0.3455844155844157,0.015584415584415721,-0.025584415584415716,-0.062337662337662886
15.109,-9.992727272727272,0.08363636363636301,-0.34818181818181826,0.018181818181818264,-0.02818181818181826,-0.07272727272727306
15.116,-9.99,0.07,-0.35,0.02,-0.03,-0.08
15.126,-9.99125,0.07999999999999978,-0.3437500000000001,0.016250000000000084,-0.027500000000000056,-0.06875000000000026
15.136,-9.9925,0.08999999999999955,-0.33750000000000024,0.012500000000000167,-0.025000000000000112,-0.0575000000000005
15.145999999999999,-9.99375,0.09999999999999934,-0.3312500000000004,0.00875000000000025,-0.022500000000000166,-0.046250000000000756
15.155999999999999,-9.995,0.10999999999999911,-0.3250000000000005,0.005000000000000334,-0.020000000000000222,-0.035000000000001
15.166,-9.99625,0.12000000000000066,-0.3187499999999996,0.0012499999999997513,-0.017499999999999835,-0.023749999999999258
15.176,-9.9975,0.13000000000000045,-0.3124999999999997,-0.0025000000000001653,-0.01499999999999989,-0.012499999999999512
15.186,-9.99875,0.14000000000000024,-0.30624999999999986,-0.006250000000000082,-0.012499999999999945,-0.0012499999999997652
15.196,-10.0,0.15,-0.3,-0.01,-0.01,0.01
15.206,-10.001298701298701,0.14740259740259745,-0.3,-0.008701298701298729,-0.008701298701298729,0.011298701298701272
15.216,-10.002597402597402,0.1448051948051949,-0.3,-0.007402597402597457,-0.007402597402597457,0.012597402597402545
15.225999999999999,-10.003896103896103,0.14220779220779237,-0.3,-0.006103896103896185,-0.006103896103896185,0.013896103896103816
15.235999999999999,-10.005194805194805,0.13961038961038982,-0.3,-0.004805194805194913,-0.004805194805194913,0.015194805194805087
15.246,-10.006493506493506,0.1370129870129868,-0.3,-0.003506493506493411,-0.003506493506493411,0.016493506493506588
15.256,-10.007792207792209,0.13441558441558427,-0.3,-0.0022077922077921395,-0.0022077922077921395,0.01779220779220786
15.266,-10.00909090909091,0.13181818181818172,-0.3,-0.0009090909090908681,-0.0009090909090908681,0.01909090909090913
15.273,-10.01,0.13,-0.3,0.0,0.0,0.02
15.283,-9.97813186813187,0.13109890109890107,-0.35164835164834995,0.0,-0.005494505494505312,0.002417582417583001
15.293,-9.946263736263738,0.13219780219780214,-0.40329670329669987,0.0,-0.010989010989010624,-0.015164835164833999
15.302999999999999,-9.914395604395608,0.1332967032967032,-0.4549450549450498,0.0,-0.016483516483515936,-0.032747252747251
15.312999999999999,-9.882527472527476,0.13439560439560425,-0.5065934065933997,0.0,-0.021978021978021248,-0.050329670329667994
15.323,-9.850659340659341,0.1354945054945055,-0.5582417582417589,0.0,-0.027472527472527538,-0.06791208791208811
15.333,-9.81879120879121,0.13659340659340657,-0.6098901098901088,0.0,-0.03296703296703285,-0.08549450549450512
15.343,-9.78692307692308,0.13769230769230764,-0.6615384615384587,0.0,-0.038461538461538165,-0.10307692307692211
15.353,-9.755054945054948,0.1387912087912087,-0.7131868131868087,0.0,-0.043956043956043474,-0.1206593406593391
15.364,-9.72,0.14,-0.77,-0.0,-0.05,-0.14
15.376,-10.06,0.15,-0.31,-0.05,-0.04,-0.15
15.387,-10.06,0.15,-0.31,-0.05,-0.04,-0.15
15.399,-10.06,0.09,-0.28,-0.02,0.0,-0.05
15.413,-10.06,0.09,-0.28,-0.02,0.0,-0.05
15.425,-10.06,0.1,-0.4,-0.01,-0.0,-0.0
15.436,-10.0,0.06,-0.23,-0.0,-0.02,0.01
15.447,-10.0,0.06,-0.23,-0.0,-0.02,0.01
15.461,-10.0,0.07,-0.31,0.01,0.0,0.02
15.473,-10.0,0.07,-0.31,0.01,0.0,0.02
15.485,-9.99,0.09,-0.31,0.01,0.01,0.03
15.496,-10.02,0.07,-0.3,0.01,0.0,0.02
15.509,-10.02,0.07,-0.3,0.01,0.0,0.02
15.521,-9.99,0.07,-0.29,0.0,-0.01,-0.01
