time,ax,ay,az,gx,gy,gz,normAccel,normGyr,ax_normalized,ay_normalized,az_normalized,gx_normalized,gy_normalized,gz_normalized,ax_normalized_1,ay_normalized_1,az_normalized_1,gx_normalized_1,gz_normalized_1,gy_normalized_1
12.574,-0.11,-4.95,6.62,-0.15,0.1,-0.08,8.266740591067316,11.300494104925537,-0.005470616997211057,-0.24617776487449758,0.32923167746851995,-0.000326341498982537,0.00021756099932169134,-0.00017404879945735307,-0.003944065973467192,-0.07733166692704264,0.07430688068245594,-0.015608740894901146,-0.030651340996168584,0.004701457451810062
12.587,1.73,-1.91,9.8,-0.15,-0.05,-0.1,10.133163375767708,10.719058832304777,0.08603788550159208,-0.09498980422430107,0.4873822415697124,-0.000326341498982537,-0.00010878049966084567,-0.00021756099932169134,0.06202940121907494,-0.029839087642555846,0.11000112246043327,-0.015608740894901146,-0.03831417624521073,-0.002350728725905031
12.599,1.73,-1.91,9.8,-0.15,-0.05,-0.1,10.133163375767708,10.719058832304777,0.08603788550159208,-0.09498980422430107,0.4873822415697124,-0.000326341498982537,-0.00010878049966084567,-0.00021756099932169134,0.06202940121907494,-0.029839087642555846,0.11000112246043327,-0.015608740894901146,-0.03831417624521073,-0.002350728725905031
12.61,-0.71,-3.19,10.45,-0.02,0.09,-0.07,10.94909585308303,6.632465988616705,-0.03531034607290773,-0.15864789291912065,0.5197086147350504,-4.351219986433827e-05,0.0001958048993895222,-0.00015229269952518395,-0.025457153101470058,-0.049835963130760816,0.11729711527668649,-0.002081165452653486,-0.026819923371647514,0.0042313117066290545
12.621,-0.71,-3.19,10.45,-0.02,0.09,-0.07,10.94909585308303,6.632465988616705,-0.03531034607290773,-0.15864789291912065,0.5197086147350504,-4.351219986433827e-05,0.0001958048993895222,-0.00015229269952518395,-0.025457153101470058,-0.049835963130760816,0.11729711527668649,-0.002081165452653486,-0.026819923371647514,0.0042313117066290545
12.635,0.82,2.66,11.95,-0.11,-0.06,-0.08,12.269902200099231,8.51762997172685,0.04078096307011878,0.13228946556892193,0.594307937424292,-0.00023931709925386046,-0.0001305365995930148,-0.00017404879945735307,0.02940121907493725,0.041556006873925945,0.1341340217757324,-0.011446409989594173,-0.030651340996168584,-0.0028208744710860366
12.647,0.83,3.68,11.32,-0.07,0.02,-0.07,11.93204508875155,5.786590081396797,0.04127829188804706,0.1830170049976063,0.5629762218948106,-0.00015229269952518395,4.351219986433827e-05,-0.00015229269952518395,0.02975977052707063,0.05749101702858928,0.1270625210461331,-0.007284079084287202,-0.026819923371647514,0.0009402914903620123
12.6579999999999,0.83,3.68,11.32,-0.07,0.02,-0.07,11.93204508875155,5.786590081396797,0.04127829188804706,0.1830170049976063,0.5629762218948106,-0.00015229269952518395,4.351219986433827e-05,-0.00015229269952518395,0.02975977052707063,0.05749101702858928,0.1270625210461331,-0.007284079084287202,-0.026819923371647514,0.0009402914903620123
12.669,0.24,6.14,7.71,-0.11,0.17,-0.06,9.859071964439655,12.10013071047267,0.011935891630278668,0.3053598942079626,0.38344051862270223,-0.00023931709925386046,0.0003698536988468753,-0.0001305365995930148,0.008605234851201148,0.09592251210748319,0.08654169940509597,-0.011446409989594173,-0.022988505747126436,0.007992477668077105
12.683,0.24,6.14,7.71,-0.11,0.17,-0.06,9.859071964439655,12.10013071047267,0.011935891630278668,0.3053598942079626,0.38344051862270223,-0.00023931709925386046,0.0003698536988468753,-0.0001305365995930148,0.008605234851201148,0.09592251210748319,0.08654169940509597,-0.011446409989594173,-0.022988505747126436,0.007992477668077105
12.694,-0.57,8.54,8.4,-0.15,0.44,-0.09,11.99235172933149,27.129415468686993,-0.028347742621911837,0.4247188105107493,0.41775620705975347,-0.000326341498982537,0.0009572683970154418,-0.0001958048993895222,-0.02043743277160272,0.1334166536478675,0.09428667639465708,-0.015608740894901146,-0.034482758620689655,0.020686412787964268
12.706,2.23,15.64,11.8,-0.13,0.79,-0.11,19.71858260626255,46.303356543480405,0.11090432639800597,0.7778222712398266,0.586848005155368,-0.00028282929911819876,0.0017187318946413615,-0.00023931709925386046,0.07995697382574399,0.24433682237150445,0.13245033112582782,-0.01352757544224766,-0.0421455938697318,0.03714151386929949
12.718,2.23,15.64,11.8,-0.13,0.79,-0.11,19.71858260626255,46.303356543480405,0.11090432639800597,0.7778222712398266,0.586848005155368,-0.00028282929911819876,0.0017187318946413615,-0.00023931709925386046,0.07995697382574399,0.24433682237150445,0.13245033112582782,-0.01352757544224766,-0.0421455938697318,0.03714151386929949
12.731,1.88,12.89,5.37,-0.12,0.57,-0.21,14.089833214058995,35.47714693425195,0.09349781777051624,0.6410568463095503,0.26706557522748525,-0.0002610731991860296,0.0012400976961336404,-0.00045687809857555177,0.06740767300107565,0.20137478518981408,0.06027612526658435,-0.012486992715920915,-0.08045977011494253,0.026798307475317345
12.743,1.88,12.89,5.37,-0.12,0.57,-0.21,14.089833214058995,35.47714693425195,0.09349781777051624,0.6410568463095503,0.26706557522748525,-0.0002610731991860296,0.0012400976961336404,-0.00045687809857555177,0.06740767300107565,0.20137478518981408,0.06027612526658435,-0.012486992715920915,-0.08045977011494253,0.026798307475317345
12.755,-1.69,11.45,-2.41,0.01,0.54,-0.3,11.822296731177069,35.398406514975825,-0.08404857022987897,0.5694414965278781,-0.11985624512071498,2.1756099932169134e-05,0.0011748293963371333,-0.000652682997965074,-0.06059519541054141,0.1788783002655835,-0.02705129644180043,0.001040582726326743,-0.11494252873563218,0.025387870239774332
12.7669999999999,1.16,9.25,14.3,0.03,0.67,-0.4,17.07038663885502,44.74209776303701,0.05769014287968023,0.46002915658365706,0.7111802096374374,6.52682997965074e-05,0.001457658695455332,-0.0008702439972867654,0.041591968447472205,0.1445086705202312,0.160511841957571,0.003121748178980229,-0.15325670498084293,0.03149976492712741
12.778,1.16,9.25,14.3,0.03,0.67,-0.4,17.07038663885502,44.74209776303701,0.05769014287968023,0.46002915658365706,0.7111802096374374,6.52682997965074e-05,0.001457658695455332,-0.0008702439972867654,0.041591968447472205,0.1445086705202312,0.160511841957571,0.003121748178980229,-0.15325670498084293,0.03149976492712741
12.791,1.4,5.01,29.96,0.26,0.7,-0.64,30.408250525145313,56.34829457695555,0.0696260345099589,0.2491617377820672,1.4899971385131205,0.0005656585982363975,0.0015229269952518392,-0.0013923903956588246,0.05019720329867335,0.07826902046555224,0.33628914580761027,0.02705515088449532,-0.24521072796934867,0.032910202162670425
12.803,1.4,5.01,29.96,0.26,0.7,-0.64,30.408250525145313,56.34829457695555,0.0696260345099589,0.2491617377820672,1.4899971385131205,0.0005656585982363975,0.0015229269952518392,-0.0013923903956588246,0.05019720329867335,0.07826902046555224,0.33628914580761027,0.02705515088449532,-0.24521072796934867,0.032910202162670425
12.815,3.19,-14.05,12.17,0.46,0.47,-0.88,18.859679212542297,62.94457072559296,0.15864789291912065,-0.6987469891892305,0.6052491714187141,0.0010007805968797801,0.0010225366968119492,-0.0019145367940308837,0.11437791323054858,-0.21949695360099983,0.1366034347289258,0.04786680541103018,-0.3371647509578544,0.022096850023507288
12.827,1.42,-33.46,11.76,0.96,-0.49,-0.92,35.49486723457351,81.19238530464901,0.07062069214581546,-1.664062224788018,0.5848586898836547,0.002088585593488237,-0.0010660488966762875,-0.0020015611937595603,0.050914306202940116,-0.522730823308858,0.13200134695251992,0.09989594172736732,-0.35249042145593873,-0.0230371415138693
12.84,1.42,-33.46,11.76,0.96,-0.49,-0.92,35.49486723457351,81.19238530464901,0.07062069214581546,-1.664062224788018,0.5848586898836547,0.002088585593488237,-0.0010660488966762875,-0.0020015611937595603,0.050914306202940116,-0.522730823308858,0.13200134695251992,0.09989594172736732,-0.35249042145593873,-0.0230371415138693
12.851,0.57,-33.51,16.54,1.14,-2.06,-0.37,37.37400968587663,136.55280425059644,0.028347742621911837,-1.666548868877659,0.8225818648533716,0.002480195392267281,-0.004481756586026842,-0.0008049756974902579,0.02043743277160272,-0.523511951257616,0.18565495566281287,0.1186264308012487,-0.1417624521072797,-0.09685002350728726
12.862,0.57,-33.51,16.54,1.14,-2.06,-0.37,37.37400968587663,136.55280425059644,0.028347742621911837,-1.666548868877659,0.8225818648533716,0.002480195392267281,-0.004481756586026842,-0.0008049756974902579,0.02043743277160272,-0.523511951257616,0.18565495566281287,0.1186264308012487,-0.1417624521072797,-0.09685002350728726
12.874,1.29,-13.2,16.81,2.78,-3.51,0.05,21.412150756054373,256.56100663211754,0.06415541751274785,-0.6564740396653268,0.8360097429374351,0.0060481957811430185,-0.007636391076191365,0.00010878049966084567,0.04625313732520617,-0.2062177784721137,0.18868559883264113,0.2892819979188345,0.019157088122605366,-0.16502115655853314
12.887,3.36,7.85,11.06,5.92,-1.5,-0.61,13.972676908881848,351.6509505111814,0.16710248282390136,0.39040312207369815,0.5500456726286754,0.012879611159844127,-0.0032634149898253697,-0.001327122095862317,0.12047328791681605,0.12263708795500701,0.12414412391963184,0.6160249739854319,-0.23371647509578544,-0.07052186177715092
12.8989999999999,3.36,7.85,11.06,5.92,-1.5,-0.61,13.972676908881848,351.6509505111814,0.16710248282390136,0.39040312207369815,0.5500456726286754,0.012879611159844127,-0.0032634149898253697,-0.001327122095862317,0.12047328791681605,0.12263708795500701,0.12414412391963184,0.6160249739854319,-0.23371647509578544,-0.07052186177715092
12.91,2.12,18.69,13.7,8.52,2.39,-0.93,23.270163299813778,509.795295617682,0.10543370940079493,0.9295075607079515,0.6813404805617407,0.0185361971422081,0.005199707883788423,-0.0020233172936917295,0.07601290785227681,0.29198562724574284,0.15377707935795262,0.886576482830385,-0.3563218390804598,0.11236483309826047
12.922,2.12,18.69,13.7,8.52,2.39,-0.93,23.270163299813778,509.795295617682,0.10543370940079493,0.9295075607079515,0.6813404805617407,0.0185361971422081,0.005199707883788423,-0.0020233172936917295,0.07601290785227681,0.29198562724574284,0.15377707935795262,0.886576482830385,-0.3563218390804598,0.11236483309826047
12.936,5.15,19.81,18.69,9.61,1.76,-0.65,27.717768669212894,561.0079027514638,0.25612434123306316,0.9852083883159185,0.9295075607079515,0.020907612034814536,0.0038290735880617674,-0.0014141464955909936,0.1846539978486913,0.30948289329792217,0.20978785497811203,1.0,-0.24904214559386975,0.08274565115185707
12.948,15.41,20.25,6.93,5.78,1.92,-0.51,26.373386206553,350.18409861679,0.7663837084274763,1.0070908563047627,0.34464887082429657,0.01257502576079376,0.004177171186976474,-0.0011095610965406258,0.5525277877375403,0.3163568192469926,0.07778650802559209,0.6014568158168575,-0.19540229885057472,0.09026798307475317
12.959,15.41,20.25,6.93,5.78,1.92,-0.51,26.373386206553,350.18409861679,0.7663837084274763,1.0070908563047627,0.34464887082429657,0.01257502576079376,0.004177171186976474,-0.0011095610965406258,0.5525277877375403,0.3163568192469926,0.07778650802559209,0.6014568158168575,-0.19540229885057472,0.09026798307475317
12.971,-2.16,7.0,12.2,0.3,16.49,-0.66,14.23044623334068,945.720082261868,-0.10742302467250803,0.3481301725497945,0.606741157872499,0.000652682997965074,0.0358758087881469,-0.0014359025955231629,-0.07744711366081033,0.10935791282612091,0.13694017285890672,0.03121748178980229,-0.25287356321839083,0.775270333803479
12.985,-4.2,1.74,5.82,-0.36,20.8,-1.34,7.385120175054703,1194.4008531703766,-0.20887810352987674,0.08653521431952035,0.28944537203425774,-0.0007832195975580888,0.045252687858911796,-0.002915317390910664,-0.15059160989602008,0.027183252616778626,0.06532719721629812,-0.037460978147762745,-0.5134099616858238,0.9779031499764927
12.997,-4.2,1.74,5.82,-0.36,20.8,-1.34,7.385120175054703,1194.4008531703766,-0.20887810352987674,0.08653521431952035,0.28944537203425774,-0.0007832195975580888,0.045252687858911796,-0.002915317390910664,-0.15059160989602008,0.027183252616778626,0.06532719721629812,-0.037460978147762745,-0.5134099616858238,0.9779031499764927
13.0079999999999,-5.02,0.97,-1.18,0.39,21.26,-1.51,5.247256425981105,1221.381269305808,-0.24965906659999548,0.04824089533904295,-0.05868480051553679,0.0008484878973545962,0.04625346845579158,-0.003285171089757539,-0.1799928289709573,0.015153882205905326,-0.01324503311258278,0.04058272632674298,-0.578544061302682,0.9995298542548191
13.02,-5.02,0.97,-1.18,0.39,21.26,-1.51,5.247256425981105,1221.381269305808,-0.24965906659999548,0.04824089533904295,-0.05868480051553679,0.0008484878973545962,0.04625346845579158,-0.003285171089757539,-0.1799928289709573,0.015153882205905326,-0.01324503311258278,0.04058272632674298,-0.578544061302682,0.9995298542548191
13.034,-6.28,0.57,-3.06,1.22,21.27,-1.37,7.00905842463879,1223.205448466006,-0.31232249765895853,0.028347742621911837,-0.15218261828605303,0.002654244191724634,0.04627522455572374,-0.0029805856907071716,-0.22517031193976336,0.008904858615841274,-0.03434728925805365,0.12695109261186266,-0.5249042145593871,1.0
13.045,-5.77,0.96,-4.08,1.91,21.12,-0.97,7.13168283086117,1216.2956117288604,-0.2869587279446163,0.04774356652111467,-0.2029101577147374,0.004155415087044304,0.04594888305674121,-0.0021103416934204057,-0.20688418788096088,0.014997656616153723,-0.04579638567740487,0.1987513007284079,-0.3716475095785441,0.992947813822285
13.057,-5.77,0.96,-4.08,1.91,21.12,-0.97,7.13168283086117,1216.2956117288604,-0.2869587279446163,0.04774356652111467,-0.2029101577147374,0.004155415087044304,0.04594888305674121,-0.0021103416934204057,-0.20688418788096088,0.014997656616153723,-0.04579638567740487,0.1987513007284079,-0.3716475095785441,0.992947813822285
13.068,-5.66,1.43,-3.18,2.4,21.1,-0.32,6.6477740635493925,1216.8744138303828,-0.2814881109474053,0.07111802096374374,-0.15815056410119238,0.005221463983720592,0.045905370856876876,-0.0006961951978294123,-0.20294012190749372,0.022340259334478984,-0.03569424177797733,0.24973985431841833,-0.12260536398467434,0.992007522331923
13.0809999999999,-5.66,1.43,-3.18,2.4,21.1,-0.32,6.6477740635493925,1216.8744138303828,-0.2814881109474053,0.07111802096374374,-0.15815056410119238,0.005221463983720592,0.045905370856876876,-0.0006961951978294123,-0.20294012190749372,0.022340259334478984,-0.03569424177797733,0.24973985431841833,-0.12260536398467434,0.992007522331923
13.093,-6.02,1.72,-1.0,2.59,21.13,0.47,6.340252360908042,1220.0179374307534,-0.2993919483928233,0.0855405566836638,-0.04973288179282779,0.005634829882431805,0.045970639156673376,0.0010225366968119492,-0.21584797418429544,0.026870801437275424,-0.011224604332697272,0.2695109261186264,0.18007662835249041,0.9934179595674659
13.104,-6.02,1.72,-1.0,2.59,21.13,0.47,6.340252360908042,1220.0179374307534,-0.2993919483928233,0.0855405566836638,-0.04973288179282779,0.005634829882431805,0.045970639156673376,0.0010225366968119492,-0.21584797418429544,0.026870801437275424,-0.011224604332697272,0.2695109261186264,0.18007662835249041,0.9934179595674659
13.116,-6.03,1.89,-0.63,2.46,21.09,1.25,6.350582650434525,1218.6668186667275,-0.2998892772107516,0.09399514658844452,-0.03133171552948151,0.005352000583313607,0.0458836147569447,0.0027195124915211414,-0.21620652563642884,0.029526636463052643,-0.007071500729599282,0.2559833506763788,0.47892720306513414,0.9915373765867419
13.128,-5.62,1.84,-0.67,2.02,21.07,1.93,5.951377991692344,1217.7883334878336,-0.2794987956756922,0.09150850249880314,-0.03332103080119462,0.0043947321862981645,0.04584010255708036,0.0041989272869086425,-0.2015059160989602,0.02874550851429464,-0.007520484902907173,0.21019771071800208,0.7394636015325671,0.9905970850963799
13.141,-5.62,1.84,-0.67,2.02,21.07,1.93,5.951377991692344,1217.7883334878336,-0.2794987956756922,0.09150850249880314,-0.03332103080119462,0.0043947321862981645,0.04584010255708036,0.0041989272869086425,-0.2015059160989602,0.02874550851429464,-0.007520484902907173,0.21019771071800208,0.7394636015325671,0.9905970850963799
13.1519999999999,-5.39,1.49,-0.27,1.35,21.11,2.41,5.5986694847972585,1219.825261987744,-0.2680602328633418,0.0741019938713134,-0.013427878084063503,0.002937073490842833,0.04592712695680904,0.005243220083652762,-0.19325923269989242,0.023277612872988594,-0.003030643169828264,0.14047866805411033,0.9233716475095787,0.9924776680771039
13.164,-5.39,1.49,-0.27,1.35,21.11,2.41,5.5986694847972585,1219.825261987744,-0.2680602328633418,0.0741019938713134,-0.013427878084063503,0.002937073490842833,0.04592712695680904,0.005243220083652762,-0.19325923269989242,0.023277612872988594,-0.003030643169828264,0.14047866805411033,0.9233716475095787,0.9924776680771039
13.175,-5.21,0.99,-0.9,0.55,21.14,2.61,5.379051961080131,1220.8360654713238,-0.2591083141406328,0.04923555297489951,-0.044759593613545014,0.0011965854962693024,0.04599239525660555,0.005678342082296143,-0.18680530656149158,0.015466333385408529,-0.010102143899427546,0.05723204994797087,1.0,0.9938881053126469
13.188,-4.75,0.56,-1.1,-0.27,21.12,2.5,4.907759162795175,1218.633280786787,-0.236231188515932,0.027850413803983565,-0.05470616997211057,-0.0005874146981685667,0.04594888305674121,0.005439024983042283,-0.17031193976335604,0.008748633026089674,-0.012347064765967,-0.028095733610822064,0.9578544061302683,0.992947813822285
13.199,-4.75,0.56,-1.1,-0.27,21.12,2.5,4.907759162795175,1218.633280786787,-0.236231188515932,0.027850413803983565,-0.05470616997211057,-0.0005874146981685667,0.04594888305674121,0.005439024983042283,-0.17031193976335604,0.008748633026089674,-0.012347064765967,-0.028095733610822064,0.9578544061302683,0.992947813822285
13.21,-4.37,0.32,-1.29,-0.98,21.1,2.1,4.567647096700883,1216.2105896228793,-0.21733269343465744,0.015914522173704895,-0.06415541751274785,-0.002132097793352575,0.045905370856876876,0.004568780985755518,-0.15668698458228755,0.004999218872051242,-0.014479739589179481,-0.10197710718002082,0.8045977011494254,0.992007522331923
13.222,-4.37,0.32,-1.29,-0.98,21.1,2.1,4.567647096700883,1216.2105896228793,-0.21733269343465744,0.015914522173704895,-0.06415541751274785,-0.002132097793352575,0.045905370856876876,0.004568780985755518,-0.15668698458228755,0.004999218872051242,-0.014479739589179481,-0.10197710718002082,0.8045977011494254,0.992007522331923
13.236,-4.27,0.07,-1.46,-1.48,21.08,1.49,4.513247168059821,1213.7741375802111,-0.21235940525537464,0.0034813017254979456,-0.07261000741752857,-0.0032199027899610317,0.045861858657012526,0.003241658889893201,-0.15310147006095373,0.0010935791282612093,-0.016387922325738016,-0.15400624349635797,0.5708812260536399,0.9910672308415608
13.248,2.27,1.51,-7.36,-1.69,20.99,0.76,7.8487323817289125,1207.3157508012741,0.11289364166971909,0.07509665150716996,-0.3660340099952126,-0.0036767808885365834,0.045666053757623004,0.0016534635948448541,0.08139117963427751,0.023590064052491796,-0.08261308788865193,-0.17585848074921956,0.29118773946360155,0.9868359191349317
13.259,2.27,1.51,-7.36,-1.69,20.99,0.76,7.8487323817289125,1207.3157508012741,0.11289364166971909,0.07509665150716996,-0.3660340099952126,-0.0036767808885365834,0.045666053757623004,0.0016534635948448541,0.08139117963427751,0.023590064052491796,-0.08261308788865193,-0.17585848074921956,0.29118773946360155,0.9868359191349317
13.271,27.89,4.35,-89.09,-3.4,-4.17,-0.12,93.45481635528476,308.3519177130169,1.387050073201967,0.21633803579880087,-4.430702438923028,-0.0073970739769375045,-0.009072293671714528,-0.0002610731991860296,1.0,0.06795813154194656,-1.0,-0.35379812695109264,-0.04597701149425287,-0.19605077574047955
13.284,27.89,4.35,-89.09,-3.4,-4.17,-0.12,93.45481635528476,308.3519177130169,1.387050073201967,0.21633803579880087,-4.430702438923028,-0.0073970739769375045,-0.009072293671714528,-0.0002610731991860296,1.0,0.06795813154194656,-1.0,-0.35379812695109264,-0.04597701149425287,-0.19605077574047955
13.295,-20.64,1.38,-14.81,-3.32,-10.11,0.96,25.441110431740203,612.1702132353188,-1.0264866802039656,0.06863137687410234,-0.7365439793517796,-0.007223025177480151,-0.021995417031422992,0.002088585593488237,-0.7400501972032987,0.021559131385720978,-0.16623639016724662,-0.34547346514047866,0.367816091954023,-0.47531734837799716
13.3059999999999,-9.17,1.45,-0.63,-2.55,-1.47,1.24,9.30528344544109,182.99701521191486,-0.45605052604023083,0.0721126785996003,-0.03133171552948151,-0.005547805482703129,-0.0031981466900288624,0.0026977563915889726,-0.3287916816063105,0.022652710513982186,-0.007071500729599282,-0.26534859521331944,0.47509578544061304,-0.0691114245416079
13.318,-9.17,1.45,-0.63,-2.55,-1.47,1.24,9.30528344544109,182.99701521191486,-0.45605052604023083,0.0721126785996003,-0.03133171552948151,-0.005547805482703129,-0.0031981466900288624,0.0026977563915889726,-0.3287916816063105,0.022652710513982186,-0.007071500729599282,-0.26534859521331944,0.47509578544061304,-0.0691114245416079
13.3309999999999,-4.51,64.01,-19.41,-2.32,4.31,-0.59,67.04004997014844,282.4780714094378,-0.22429529688565333,3.183401763558907,-0.9653152355987874,-0.005047415184263239,0.009376879070764895,-0.0012836098959979787,-0.16170670491215489,1.0,-0.21786957009765406,-0.24141519250780435,-0.2260536398467433,0.20263281617301362
13.342,-4.51,64.01,-19.41,-2.32,4.31,-0.59,67.04004997014844,282.4780714094378,-0.22429529688565333,3.183401763558907,-0.9653152355987874,-0.005047415184263239,0.009376879070764895,-0.0012836098959979787,-0.16170670491215489,1.0,-0.21786957009765406,-0.24141519250780435,-0.2260536398467433,0.20263281617301362
13.354,-25.99,23.19,-57.1,-0.69,0.32,0.16,66.88547076906912,44.532497303004405,-1.292557597795594,1.1533055287756766,-2.839747550370467,-0.00150117089531967,0.0006961951978294123,0.00034809759891470614,-0.9318752240946575,0.36228714263396344,-0.6409249073970142,-0.07180020811654526,0.06130268199233717,0.015044663845792196
13.366,11.22,17.15,-12.83,-0.67,-0.8,0.05,24.17891229977064,59.856953233545205,0.5580029337155278,0.8529189227469965,-0.6380728734019806,-0.001457658695455332,-0.0017404879945735307,0.00010878049966084567,0.4022947292936537,0.2679268864239962,-0.144011673588506,-0.06971904266389178,0.019157088122605366,-0.03761165961448049
13.379,11.22,17.15,-12.83,-0.67,-0.8,0.05,24.17891229977064,59.856953233545205,0.5580029337155278,0.8529189227469965,-0.6380728734019806,-0.001457658695455332,-0.0017404879945735307,0.00010878049966084567,0.4022947292936537,0.2679268864239962,-0.144011673588506,-0.06971904266389178,0.019157088122605366,-0.03761165961448049
13.39,-2.15,-6.89,10.54,0.96,-0.89,0.04,12.77443540826756,75.03997422824148,-0.10692569585457974,-0.34265955555258343,0.5241845740964048,0.002088585593488237,-0.001936292893963053,8.702439972867654e-05,-0.07708856220867694,-0.10763943133885329,0.11830732966662924,0.09989594172736732,0.015325670498084292,-0.04184297132110955
13.4019999999999,-2.15,-6.89,10.54,0.96,-0.89,0.04,12.77443540826756,75.03997422824148,-0.10692569585457974,-0.34265955555258343,0.5241845740964048,0.002088585593488237,-0.001936292893963053,8.702439972867654e-05,-0.07708856220867694,-0.10763943133885329,0.11830732966662924,0.09989594172736732,0.015325670498084292,-0.04184297132110955
13.4139999999999,1.14,9.07,22.31,0.58,-0.9,0.04,24.11017627476,61.38942653106871,0.05669548524382367,0.45107723786094805,1.109540592797988,0.0012618537960658097,-0.001958048993895222,8.702439972867654e-05,0.04087486554320544,0.14169660990470237,0.2504209226624761,0.06035379812695109,0.015325670498084292,-0.042313117066290554
13.427,-4.42,7.56,5.75,-0.19,-0.9,0.04,10.476282737688974,52.75258233399533,-0.21981933752429883,0.37598058635377807,0.2859640703087598,-0.00041336589871121353,-0.001958048993895222,8.702439972867654e-05,-0.15847974184295446,0.11810654585221057,0.06454147491300931,-0.019771071800208116,0.015325670498084292,-0.042313117066290554
13.438,-4.42,7.56,5.75,-0.19,-0.9,0.04,10.476282737688974,52.75258233399533,-0.21981933752429883,0.37598058635377807,0.2859640703087598,-0.00041336589871121353,-0.001958048993895222,8.702439972867654e-05,-0.15847974184295446,0.11810654585221057,0.06454147491300931,-0.019771071800208116,0.015325670498084292,-0.042313117066290554
13.45,-18.88,8.12,-23.14,0.08,-0.9,0.04,30.949125997352493,51.82022379640604,-0.9389568082485886,0.40383100015776163,-1.150818884686035,0.00017404879945735307,-0.001958048993895222,8.702439972867654e-05,-0.6769451416278235,0.12685517887830025,-0.2597373442586149,0.008324661810613945,0.015325670498084292,-0.042313117066290554
13.461,-18.88,8.12,-23.14,0.08,-0.9,0.04,30.949125997352493,51.82022379640604,-0.9389568082485886,0.40383100015776163,-1.150818884686035,0.00017404879945735307,-0.001958048993895222,8.702439972867654e-05,-0.6769451416278235,0.12685517887830025,-0.2597373442586149,0.008324661810613945,0.015325670498084292,-0.042313117066290554
13.474,-3.14,-10.19,-1.75,-0.27,-0.9,0.04,10.80547083657163,53.885454591989735,-0.15616124882947927,-0.5067780654689151,-0.08703254313744863,-0.0005874146981685667,-0.001958048993895222,8.702439972867654e-05,-0.11258515596988168,-0.15919387595688173,-0.019643057582220225,-0.028095733610822064,0.015325670498084292,-0.042313117066290554
13.486,1.96,-12.75,8.4,-0.11,-0.9,0.04,15.393638296387245,52.000457598993044,0.09747644831394246,-0.6340942428585543,0.41775620705975347,-0.00023931709925386046,-0.001958048993895222,8.702439972867654e-05,0.0702760846181427,-0.19918762693329164,0.09428667639465708,-0.011446409989594173,0.015325670498084292,-0.042313117066290554
13.498,1.96,-12.75,8.4,-0.11,-0.9,0.04,15.393638296387245,52.000457598993044,0.09747644831394246,-0.6340942428585543,0.41775620705975347,-0.00023931709925386046,-0.001958048993895222,8.702439972867654e-05,0.0702760846181427,-0.19918762693329164,0.09428667639465708,-0.011446409989594173,0.015325670498084292,-0.042313117066290554
13.509,-0.61,-11.67,8.08,0.22,-0.9,0.04,14.207300940009683,53.133920060636406,-0.030337057893624952,-0.5803827305223003,0.40184168488604854,0.0004786341985077209,-0.001958048993895222,8.702439972867654e-05,-0.02187163858013625,-0.1823152632401187,0.09069480300819396,0.022892819979188347,0.015325670498084292,-0.042313117066290554
13.521,-0.61,-11.67,8.08,0.22,-0.9,0.04,14.207300940009683,53.133920060636406,-0.030337057893624952,-0.5803827305223003,0.40184168488604854,0.0004786341985077209,-0.001958048993895222,8.702439972867654e-05,-0.02187163858013625,-0.1823152632401187,0.09069480300819396,0.022892819979188347,0.015325670498084292,-0.042313117066290554
13.533,2.18,-7.99,10.27,0.12,-0.9,0.04,13.193384705980494,52.073006876016876,0.10841768230836459,-0.39736572552469407,0.5107566960123414,0.0002610731991860296,-0.001958048993895222,8.702439972867654e-05,0.07816421656507709,-0.12482424621152945,0.11527668649680098,0.012486992715920915,0.015325670498084292,-0.042313117066290554
13.545,2.18,-7.99,10.27,0.12,-0.9,0.04,13.193384705980494,52.073006876016876,0.10841768230836459,-0.39736572552469407,0.5107566960123414,0.0002610731991860296,-0.001958048993895222,8.702439972867654e-05,0.07816421656507709,-0.12482424621152945,0.11527668649680098,0.012486992715920915,0.015325670498084292,-0.042313117066290554
13.557,-0.86,-2.86,10.96,-0.04,-0.89,0.04,11.359612669453128,51.09614359385979,-0.0427702783418319,-0.14223604192748748,0.5450723844493927,-8.702439972867654e-05,-0.001936292893963053,8.702439972867654e-05,-0.030835424883470776,-0.04468051866895797,0.1230216634863621,-0.004162330905306972,0.015325670498084292,-0.04184297132110955
13.57,-0.49,2.16,9.35,-0.04,-0.9,0.04,9.608756423179848,51.667960321939844,-0.024369112078485616,0.10742302467250803,0.46500244476293984,-8.702439972867654e-05,-0.001958048993895222,8.702439972867654e-05,-0.017569021154535677,0.03374472738634588,0.10495005051071948,-0.004162330905306972,0.015325670498084292,-0.042313117066290554
13.581,-0.49,2.16,9.35,-0.04,-0.9,0.04,9.608756423179848,51.667960321939844,-0.024369112078485616,0.10742302467250803,0.46500244476293984,-8.702439972867654e-05,-0.001958048993895222,8.702439972867654e-05,-0.017569021154535677,0.03374472738634588,0.10495005051071948,-0.004162330905306972,0.015325670498084292,-0.042313117066290554
13.593,0.54,2.05,10.67,0.02,-0.9,0.04,10.878556889587884,51.62982428993475,0.026855756168127007,0.10195240767529697,0.5306498487294725,4.351219986433827e-05,-0.001958048993895222,8.702439972867654e-05,0.019361778415202584,0.032026245899078265,0.11976652822987989,0.002081165452653486,0.015325670498084292,-0.042313117066290554
13.605,0.54,2.05,10.67,0.02,-0.9,0.04,10.878556889587884,51.62982428993475,0.026855756168127007,0.10195240767529697,0.5306498487294725,4.351219986433827e-05,-0.001958048993895222,8.702439972867654e-05,0.019361778415202584,0.032026245899078265,0.11976652822987989,0.002081165452653486,0.015325670498084292,-0.042313117066290554
13.616,-1.09,0.34,9.55,0.1,-0.9,0.04,9.618014348086616,51.934128443343006,-0.05420884115418229,0.01690917980956145,0.47494902112150544,0.00021756099932169134,-0.001958048993895222,8.702439972867654e-05,-0.039082108282538545,0.005311670051554445,0.10719497137725896,0.010405827263267432,0.015325670498084292,-0.042313117066290554
13.63,0.28,2.69,10.43,0.04,-0.9,0.04,10.774943155302491,51.667960321939844,0.013925206901991782,0.13378145202270675,0.5187139570991939,8.702439972867654e-05,-0.001958048993895222,8.702439972867654e-05,0.010039440659734673,0.04202468364318075,0.11707262319003255,0.004162330905306972,0.015325670498084292,-0.042313117066290554
13.642,0.28,2.69,10.43,0.04,-0.9,0.04,10.774943155302491,51.667960321939844,0.013925206901991782,0.13378145202270675,0.5187139570991939,8.702439972867654e-05,-0.001958048993895222,8.702439972867654e-05,0.010039440659734673,0.04202468364318075,0.11707262319003255,0.004162330905306972,0.015325670498084292,-0.042313117066290554
13.653,-1.39,1.47,11.09,-0.0,-0.9,0.04,11.273025325971728,51.61710601796203,-0.06912870569203063,0.07310733623545684,0.5515376590824602,-0.0,-0.001958048993895222,8.702439972867654e-05,-0.049838651846539975,0.022965161693485392,0.12448086204961274,-0.0,0.015325670498084292,-0.042313117066290554
13.6649999999999,-1.39,1.47,11.09,-0.0,-0.9,0.04,11.273025325971728,51.61710601796203,-0.06912870569203063,0.07310733623545684,0.5515376590824602,-0.0,-0.001958048993895222,8.702439972867654e-05,-0.049838651846539975,0.022965161693485392,0.12448086204961274,-0.0,0.015325670498084292,-0.042313117066290554
13.678,-0.76,0.57,9.6,0.06,-0.9,0.04,9.64689069078737,51.731457900677555,-0.03779699016254912,0.028347742621911837,0.4774356652111468,0.0001305365995930148,-0.001958048993895222,8.702439972867654e-05,-0.027249910362136965,0.008904858615841274,0.1077562015938938,0.006243496357960458,0.015325670498084292,-0.042313117066290554
13.6899999999999,0.12,2.86,9.97,0.1,-0.89,0.04,10.37279615147237,51.36527488006307,0.005967945815139334,0.14223604192748748,0.4958368314744931,0.00021756099932169134,-0.001936292893963053,8.702439972867654e-05,0.004302617425600574,0.04468051866895797,0.11190930519699181,0.010405827263267432,0.015325670498084292,-0.04184297132110955
13.701,0.12,2.86,9.97,0.1,-0.89,0.04,10.37279615147237,51.36527488006307,0.005967945815139334,0.14223604192748748,0.4958368314744931,0.00021756099932169134,-0.001936292893963053,8.702439972867654e-05,0.004302617425600574,0.04468051866895797,0.11190930519699181,0.010405827263267432,0.015325670498084292,-0.04184297132110955
13.713,-1.34,0.03,13.71,0.1,-0.9,0.04,13.775362064207243,51.934128443343006,-0.06664206160238924,0.0014919864537848335,0.6818378093796691,0.00021756099932169134,-0.001958048993895222,8.702439972867654e-05,-0.04804589458587308,0.00046867676925480386,0.15388932540127961,0.010405827263267432,0.015325670498084292,-0.042313117066290554
13.726,-1.34,0.03,13.71,0.1,-0.9,0.04,13.775362064207243,51.934128443343006,-0.06664206160238924,0.0014919864537848335,0.6818378093796691,0.00021756099932169134,-0.001958048993895222,8.702439972867654e-05,-0.04804589458587308,0.00046867676925480386,0.15388932540127961,0.010405827263267432,0.015325670498084292,-0.042313117066290554
13.738,-3.35,2.49,4.44,0.01,-0.9,0.04,6.093947817302015,51.62028587972497,-0.1666051540059731,0.12383487566414121,0.2208139951601554,2.1756099932169134e-05,-0.001958048993895222,8.702439972867654e-05,-0.12011473646468268,0.03890017184814873,0.04983724323717589,0.001040582726326743,0.015325670498084292,-0.042313117066290554
13.75,0.31,-0.38,12.14,0.1,-0.9,0.04,12.149901234166474,51.934128443343006,0.015417193355776614,-0.01889849508127456,0.6037571849649294,0.00021756099932169134,-0.001958048993895222,8.702439972867654e-05,0.011115095016134816,-0.005936572410560849,0.1362666965989449,0.010405827263267432,0.015325670498084292,-0.042313117066290554
