time,ax,ay,az,gx,gy,gz,mx,my,mz,normAccel,normGyr,ax_normalized,ay_normalized,az_normalized,gx_normalized,gy_normalized,gz_normalized,ax_filter,ay_filter,az_filter,gx_filter,gy_filter,gz_filter,thetaGyrx,thetaGyry,thetaGyrz,vx,vy,vz,posx,posy,posz
7.98,0.68,-0.2,13.83,1.7188733853924696,11.459155902616464,14.896902673401405,93.0,-45.0,92.0,13.848151501193218,18.872850578973868,0.039392484695069375,-0.011586024910314522,0.8011736225482491,0.00020183327087014283,0.0013455551391342857,0.0017492216808745714,0.68,-0.2,13.83,1.7188733853924696,11.459155902616464,14.896902673401405,0.0,0.0,0.0,0.0,0.0,0.0,0.0,0.0,0.0
7.99,0.68,-0.2,13.83,1.7188733853924696,11.459155902616464,14.896902673401405,93.0,-45.0,92.0,13.848151501193218,18.872850578973868,0.039392484695069375,-0.011586024910314522,0.8011736225482491,0.00020183327087014283,0.0013455551391342857,0.0017492216808745714,0.68,-0.2,13.83,1.7188733853924696,11.459155902616464,14.896902673401405,0.02691393853443471,0.17942625689623143,0.23325413396510086,0.01064736842105263,-0.00313157894736842,0.21654868421052625,0.0,0.0,0.0
8.0,-3.11,1.98,7.0,2.291831180523293,8.594366926962348,13.750987083139757,93.0,-45.0,92.0,7.91154220111351,16.376974042721063,-0.1801626873553908,0.11470164661211375,0.4055108718610082,0.00026911102782685713,0.001009166354350714,0.0016146661669611427,-0.5833333333333333,0.5266666666666667,11.553333333333333,1.909859317102744,10.504226244065093,14.514930809980855,0.05382787706886942,0.35885251379246286,0.4665082679302017,0.02129473684210526,-0.00626315789473684,0.4330973684210525,0.00016671537396121874,-4.903393351800551e-05,0.003390696502770081
8.02,2.2,0.17,8.19,4.010704565915763,5.729577951308232,10.886198107485642,93.0,-45.0,92.0,8.482039848998589,12.93920877992928,0.12744627401345973,0.009848121173767344,0.4744477200773796,0.00047094429869699996,0.0006727775695671429,0.0012782773821775712,0.1125000000000001,0.4375,10.712499999999999,2.435070629305999,9.310564170875876,13.607747634357052,0.08971312844811571,0.4934222064646364,0.6818197762056795,-0.027401315789473673,0.02473947368421052,0.5427026315789472,0.0005001461218836562,-0.00014710180055401654,0.010172089508310243
8.03,2.2,0.17,8.19,4.010704565915763,5.729577951308232,10.886198107485642,93.0,-45.0,92.0,8.482039848998589,12.93920877992928,0.12744627401345973,0.009848121173767344,0.4744477200773796,0.00047094429869699996,0.0006727775695671429,0.0012782773821775712,0.53,0.384,10.207999999999998,2.7501974166279517,8.594366926962348,13.063437728982771,0.1525123183617967,0.5831353349127522,0.8522747202570993,0.007046052631578949,0.027401315789473676,0.670940789473684,7.109920360110806e-05,0.000240266274238227,0.018669670186980597
8.04,3.58,1.29,6.8,2.291831180523293,4.010704565915763,10.313240312354818,93.0,-45.0,92.0,7.792335978382862,11.300494104925539,0.20738984589462992,0.07472986067152866,0.3939248469506937,0.00026911102782685713,0.00047094429869699996,0.001210999625220857,1.0383333333333333,0.535,9.639999999999999,2.673803043943842,7.83042320012125,12.605071492878112,0.2153115082754777,0.6728484633608679,1.022729664308519,0.04149342105263157,0.030063157894736833,0.7991789473684208,0.00018142555401662054,0.0006693131925207752,0.029175190443213275
8.05,-0.68,-0.26,6.38,8.021409131831525,0.0,7.448451336700702,93.0,-45.0,92.0,6.4214017161364385,10.946343306119568,-0.039392484695069375,-0.015061832383408878,0.3695941946390332,0.0009418885973939999,0.0,0.0008746108404372857,0.7928571428571429,0.42142857142857143,9.174285714285713,3.4377467707849396,6.711791314389643,11.868411470567054,0.251196759654724,0.7356476532745488,1.1842132955151274,0.09754868421052629,0.050261842105263146,0.905652631578947,0.0008311251731301936,0.001140038954293628,0.04168865027700828
8.06,-0.68,-0.26,6.38,8.021409131831525,0.0,7.448451336700702,93.0,-45.0,92.0,6.4214017161364385,10.946343306119568,-0.039392484695069375,-0.015061832383408878,0.3695941946390332,0.0009418885973939999,0.0,0.0008746108404372857,0.6087500000000001,0.33625000000000005,8.824999999999998,4.010704565915763,5.872817400090938,11.31591645383376,0.376795139482086,0.7356476532745488,1.3008403624976779,0.08690131578947366,0.0461907894736842,1.0055499999999997,0.002358532202216065,0.0019270335872576165,0.05586926385041547
8.08,-6.08,-3.37,12.37,5.156620156177409,-10.886198107485642,5.729577951308232,93.0,-41.0,92.0,14.189439735239725,13.338969381876417,-0.35221515727356145,-0.19522451973879967,0.716595640702953,0.0006054998126104285,-0.0012782773821775712,0.0006727775695671429,-0.13444444444444434,-0.07555555555555553,9.218888888888888,4.1380285203892795,4.010704565915763,10.695212175775367,0.502393519309448,0.7356476532745488,1.4174674294802283,0.07625394736842103,0.04211973684210525,1.1054473684210524,0.003719223857340718,0.002650284106648198,0.07161405990304703
8.09,-6.08,-3.37,12.37,5.156620156177409,-10.886198107485642,5.729577951308232,93.0,-41.0,92.0,14.189439735239725,13.338969381876417,-0.35221515727356145,-0.19522451973879967,0.716595640702953,0.0006054998126104285,-0.0012782773821775712,0.0006727775695671429,-0.7289999999999999,-0.40499999999999997,9.533999999999999,4.239887683968092,2.521014298575622,10.198648753328653,0.5831353349127522,0.565192709223129,1.507180557928344,-0.018946052631578933,-0.010647368421052628,1.299135526315789,0.004913200138504152,0.0033097905124653717,0.08892303843490298
8.1,-0.79,-1.73,17.05,-3.437746770784939,-16.04281826366305,9.167324722093172,93.0,-41.0,92.0,17.155742478831982,18.794413086373932,-0.04576479839574236,-0.1002191154742206,0.9877086236043129,-0.00040366654174028567,-0.0018837771947879999,0.0010764441113074285,-0.7345454545454544,-0.5254545454545454,10.217272727272727,3.54192091535418,0.8333931565539245,10.104892023216337,0.6638771505160563,0.39473776517170917,1.5968936863764596,-0.1141460526315789,-0.0634144736842105,1.4928236842105258,0.004616544840720219,0.003143075138504153,0.10926476575484757
8.11,-0.78,2.9,9.88,9.740282517223996,-18.90760723931717,6.875493541569878,93.0,-41.0,92.0,10.326315896775577,22.352698415891258,-0.045185497150226635,0.16799736119956055,0.5723496305695374,0.0011437218682641428,-0.002220165979571571,0.0008073330834805713,-0.7383333333333332,-0.23999999999999996,10.189166666666665,4.058451048843332,-0.8116902097686666,9.835775483079132,0.610049273447187,0.14354100551698518,1.7404346918934448,-0.12651578947368416,-0.09050263157894733,1.7597907894736835,0.002829257963988919,0.0021501379847645415,0.13263924186288079
8.13,-0.78,2.9,9.88,9.740282517223996,-18.90760723931717,6.875493541569878,93.0,-41.0,92.0,10.326315896775577,22.352698415891258,-0.045185497150226635,0.16799736119956055,0.5723496305695374,0.0011437218682641428,-0.002220165979571571,0.0008073330834805713,-0.7415384615384613,0.001538461538461574,10.165384615384614,4.495515007949536,-2.203683827426244,9.608061487578421,0.7625615918089836,-0.15251231836179674,1.8480904460311836,-0.138728947368421,-0.04509473684210525,1.9144907894736836,0.0008482870498614965,0.0007330573060941824,0.16019386080332398
8.14,6.08,2.23,12.64,4.583662361046586,-22.345354010102106,10.886198107485642,93.0,-41.0,92.0,14.202425849128733,25.275167966054852,0.35221515727356145,0.1291841777500069,0.7322367743318777,0.0005382220556537143,-0.002623832521311857,0.0012782773821775712,-0.25428571428571406,0.16071428571428575,10.342142857142855,4.501811247456469,-3.642374554760234,9.699356960428938,0.9150739101707803,-0.44856564224057865,1.9557462001689223,-0.15094210526315785,0.00031315789473683464,2.0691907894736836,-0.0013239162049861475,2.6968663434903087e-05,0.19017075605955666
8.15,6.08,2.23,12.64,4.583662361046586,-22.345354010102106,10.886198107485642,93.0,-41.0,92.0,14.202425849128733,25.275167966054852,0.35221515727356145,0.1291841777500069,0.7322367743318777,0.0005382220556537143,-0.002623832521311857,0.0012782773821775712,0.1680000000000002,0.2986666666666667,10.49533333333333,4.507267988362476,-4.889239851783026,9.778479703566052,0.9868444129292729,-0.7984468431882299,2.1262011442203423,-0.055742105263157884,0.035230263157894716,2.267106578947368,-0.003687351800554013,3.187205678670352e-05,0.2225699276315788
8.16,0.94,-0.07,11.17,10.886198107485642,-26.92901637114869,12.605071492878112,93.0,-41.0,92.0,11.209701155695454,31.66337094015081,0.05445431707847825,-0.004055108718610083,0.647079491241066,0.0012782773821775712,-0.003162054576965571,0.0014801106530477142,0.2162500000000002,0.275625,10.537499999999996,4.905951120807674,-6.26672588424338,9.955141690398056,1.0586149156877656,-1.1483280441358812,2.2966560882717624,0.03945789473684208,0.0701473684210526,2.465022368421052,-0.004560155817174511,0.0005835038088642654,0.2580680438019389
8.18,2.25,-0.86,12.18,15.469860468532227,-25.783100780887047,13.750987083139757,93.0,-41.0,92.0,12.4158970678723,33.06318972140938,0.13034278024103835,-0.04981990711435244,0.7055889170381543,0.0018164994378312856,-0.0030274990630521424,0.0016146661669611427,0.33588235294117663,0.2088235294117647,10.63411764705882,5.527357553026766,-7.414747936987125,10.17842671350051,1.2290698597391854,-1.569979747842025,2.494024970857617,0.054176315789473656,0.06905131578947366,2.6399210526315784,-0.003942328254847641,0.0016818639196675886,0.2966651045706369
8.19,2.25,-0.86,12.18,15.469860468532227,-25.783100780887047,13.750987083139757,93.0,-41.0,92.0,12.4158970678723,33.06318972140938,0.13034278024103835,-0.04981990711435244,0.7055889170381543,0.0018164994378312856,-0.0030274990630521424,0.0016146661669611427,0.44222222222222235,0.14944444444444446,10.719999999999997,6.079718826110403,-8.435211983870454,10.376902289591579,1.4712953065490977,-1.9736888258585457,2.7093364791330945,0.08940657894736838,0.055585526315789446,2.8306342105263154,-0.003094041204986146,0.0027630621537396097,0.33800071052631553
8.2,0.9,3.18,6.6,13.178029288008934,-8.021409131831525,15.469860468532227,96.0,-50.0,89.0,7.3812194114522836,21.847655327098778,0.05213711209641535,0.18421779607400088,0.38233882204037917,0.0015473884100044284,-0.0009418885973939999,0.0018164994378312856,0.46631578947368435,0.3089473684210527,10.50315789473684,6.453314113578746,-8.413432886394721,10.64495272006214,1.7135207533590102,-2.3773979038750666,2.924647987408572,0.1246368421052631,0.04211973684210524,3.0213473684210523,-0.0016941224030470891,0.0036334144736842075,0.38232248303324073
8.21,1.96,2.56,9.63,1.7188733853924696,22.91831180523293,18.90760723931717,96.0,-50.0,89.0,10.15539757961253,29.760731732152834,0.1135430441210823,0.14830111885202588,0.5578670994316443,0.00020183327087014283,0.0026911102782685714,0.002220165979571571,0.5410000000000001,0.4215000000000001,10.459499999999997,6.216592077169432,-6.846845651813339,11.058085446024892,1.9198609487896763,-2.5029962837024287,3.1668734342184846,0.13872894736842098,0.09191184210526313,3.12468947368421,0.0002574281509695297,0.004292920879501381,0.42963042209141244
8.23,1.96,2.56,9.63,1.7188733853924696,22.91831180523293,18.90760723931717,96.0,-50.0,89.0,10.15539757961253,29.760731732152834,0.1135430441210823,0.14830111885202588,0.5578670994316443,0.00020183327087014283,0.0026911102782685714,0.002220165979571571,0.6050000000000001,0.5594999999999999,10.249500000000001,6.21659207716943,-6.273887856682515,11.258620674320682,1.946774887324111,-2.1441437699099657,3.4629267580972662,0.1694184210526315,0.1319960526315789,3.2754749999999997,0.002429631405817173,0.005732066828254842,0.4785564809556784
8.24,-2.86,-3.82,4.3,13.750987083139757,69.90085100596043,14.32394487827058,96.0,-50.0,89.0,6.423550420133713,72.66631966732518,-0.16568015621749763,-0.22129307578700733,0.24909953557176218,0.0016146661669611427,0.008207886348719141,0.001681943923917857,0.4280000000000001,0.3785,9.773,6.818197762056796,-3.351803101515317,11.229972784564142,1.9736888258585459,-1.7852912561175027,3.7589800819760484,0.200107894736842,0.17208026315789468,3.4262605263157893,0.005082367209141271,0.007798847126038774,0.5298435237188363
8.25,-2.86,-3.82,4.3,13.750987083139757,69.90085100596043,14.32394487827058,96.0,-50.0,89.0,6.423550420133713,72.66631966732518,-0.16568015621749763,-0.22129307578700733,0.24909953557176218,0.0016146661669611427,0.008207886348719141,0.001681943923917857,0.4405000000000003,0.0885,9.638,7.391155557187621,-0.28647889756541384,11.258620674320683,2.1890003341340236,-0.6907910890504911,3.9832629030963376,0.15532631578947362,0.11226710526315786,3.49358947368421,0.008215635560941823,0.010493261772853178,0.5834915503808861
8.26,0.98,-18.94,9.47,14.32394487827058,112.87268564077219,0.5729577951308232,96.0,-50.0,89.0,21.198228699587144,113.7793779261924,0.05677152206054115,-1.0971965590067851,0.5485982795033926,0.001681943923917857,0.013253718120472713,6.727775695671428e-05,0.3794999999999999,-0.8670000000000003,9.702000000000002,7.906817572805362,5.070676486907782,10.742958658702943,2.404311842409501,0.40370907801652045,4.207545724216627,0.11054473684210522,0.052453947368421044,3.560918421052631,0.010647718663434896,0.012251128289473674,0.6381938066135731
8.28,7.59,-24.15,12.96,30.939720937064454,80.78704911344607,-30.939720937064454,96.0,-50.0,89.0,28.439272142584805,91.8753501641501,0.43968964534643606,-1.3990125079204783,0.750774414188381,0.0036329988756625712,0.009486163730896712,-0.0036329988756625712,0.6490000000000002,-2.0829999999999997,9.940500000000002,9.253268391362793,8.823550045014676,8.651662706475435,2.6285946635297903,2.1710577084444003,4.216517037061438,0.1258894736842105,-0.24410657894736834,3.709198684210526,0.01237861651662049,0.013072446675900266,0.6939502924168971
8.29,7.59,-24.15,12.96,30.939720937064454,80.78704911344607,-30.939720937064454,96.0,-50.0,89.0,28.439272142584805,91.8753501641501,0.43968964534643606,-1.3990125079204783,0.750774414188381,0.0036329988756625712,0.009486163730896712,-0.0036329988756625712,0.8495000000000005,-3.354999999999998,10.248500000000002,10.685662879189852,12.662367272391197,6.589014644004467,3.113045557149615,3.4360128195628317,3.732066143441613,0.244732894736842,-0.622244736842105,3.9121249999999996,0.01434978064404431,0.009250251558171737,0.7520285349722987
8.3,1.79,-24.3,13.23,92.81916281119337,50.42028597151245,-58.44169510334397,96.0,-50.0,89.0,27.725926494889222,120.71882185049742,0.10369492294731496,-1.4077020266032143,0.7664155478173056,0.010898996626987715,0.005920442612190857,-0.006862331209584857,0.9730000000000001,-4.556999999999998,10.591,14.925550563157946,15.18338157096682,3.2945073220022336,3.59749645076944,4.700967930681263,3.247615249821788,0.3635763157894735,-1.0003828947368416,4.115051315789473,0.018181782548476442,-0.0004927910318559565,0.8132841764196671
8.31,1.79,-24.3,13.23,92.81916281119337,50.42028597151245,-58.44169510334397,96.0,-50.0,89.0,27.725926494889222,120.71882185049742,0.10369492294731496,-1.4077020266032143,0.7664155478173056,0.010898996626987715,0.005920442612190857,-0.006862331209584857,1.0965,-5.758999999999999,10.933499999999999,19.165438247126033,17.70439586954245,2.842170943040401e-15,5.050849131628914,5.4904434610246815,2.3325413396510077,0.39160394736842086,-1.3808697368421046,4.322205263157894,0.023874622229916882,-0.016156681094182813,0.8777172167590023
8.33,-0.63,-11.69,16.94,186.21128341751756,-31.512678732195283,-64.74423084978302,96.0,-50.0,89.0,20.59166336166168,199.64845709698736,-0.03649597846749074,-0.6772031560078837,0.98133630990364,0.02186527101093214,-0.0037002766326192857,-0.007602386536108713,1.3690000000000002,-6.174999999999998,11.161999999999997,28.218171410193044,16.67307183830696,-3.5236904400545606,6.504201812488389,6.2799189913681,1.4174674294802276,0.41963157894736824,-1.7613565789473675,4.529359210526315,0.030006315616343468,-0.037778194078947336,0.9453938518005535
8.34,-4.93,8.19,10.28,339.7639725125781,19.48056503444799,-43.54479242994257,83.0,-16.0,92.0,14.037784725518481,343.096485524635,-0.28559551403925293,0.4744477200773796,0.5955216803901663,0.039895709875331566,0.0022874437365282855,-0.005113109528710285,1.4265,-5.596999999999998,11.0575,44.94853902801309,18.191409995403646,-5.987408959117098,9.419878487052149,5.786496784903464,0.40370907801652023,0.40976710526315774,-1.9443973684210516,4.7946039473684205,0.0365768627077562,-0.06535732998614953,1.0163140815443208
8.35,-4.93,8.19,10.28,339.7639725125781,19.48056503444799,-43.54479242994257,83.0,-16.0,92.0,14.037784725518481,343.096485524635,-0.28559551403925293,0.4744477200773796,0.5955216803901663,0.039895709875331566,0.0022874437365282855,-0.005113109528710285,1.2194999999999996,-5.100999999999997,10.719,62.10862499218124,19.967579160309203,-8.623014816718888,14.73986700402541,6.091521421627057,-0.27811069818915923,0.3325736842105262,-1.816159210526315,4.955567105263158,0.04299295290858722,-0.09580249930747914,1.091387485457063
8.36,-7.51,21.68,5.78,437.16679768481816,-9.740282517223996,-1.7188733853924696,83.0,-16.0,92.0,23.660745973024603,437.27867158967297,-0.4350552353823102,1.255925100278094,0.33483611990808965,0.051332928557972994,-0.0011437218682641428,-0.00020183327087014283,0.883,-4.161999999999997,10.514,83.47995075056096,20.42594539641386,-9.052733163067007,20.05985552099867,6.39654605835065,-0.9599304743948387,0.25538026315789464,-1.6879210526315782,5.116530263157895,0.048200356648199404,-0.12423972905124643,1.1689812335526308
8.37,-3.39,17.01,1.5,483.5763790904148,-129.48846169956605,-0.5729577951308232,83.0,-16.0,92.0,17.409256158722005,500.6133282366257,-0.19638312222983112,0.9853914186222501,0.0868951868273589,0.05678242687146685,-0.015204773072217426,-6.727775695671428e-05,0.7525000000000001,-3.4564999999999984,10.094999999999999,107.17175557922045,14.896902673401405,-9.42515572990204,26.9049672215899,6.244033739988853,-0.9868444129292734,0.13778947368421046,-1.3484578947368415,5.207032894736842,0.05219907392659275,-0.1506690192174514,1.2490953258310242
8.39,-3.39,17.01,1.5,483.5763790904148,-129.48846169956605,-0.5729577951308232,83.0,-16.0,92.0,17.409256158722005,500.6133282366257,-0.19638312222983112,0.9853914186222501,0.0868951868273589,0.05678242687146685,-0.015204773072217426,-6.727775695671428e-05,0.2790000000000002,-2.7174999999999994,9.538,131.1213914156889,9.539747288928202,-9.998113525032863,34.476755262610865,4.216517037061438,-0.995815725774085,0.08470921052631575,-1.0821171052631573,5.230519736842105,0.054356567001385,-0.17178303099030456,1.3306264987880878
8.4,6.04,8.58,36.06,294.5003066972431,-42.398876839680916,22.345354010102106,83.0,-16.0,92.0,37.55558014463364,298.3746139467523,0.3498979522914985,0.49704046865249296,2.088960291329708,0.03458076707575114,-0.004978554014796856,0.002623832521311857,0.27699999999999997,-2.3999999999999995,10.709000000000001,145.6172236324987,8.537071147449264,-9.425155729902041,42.04854330363183,2.189000334134023,-1.0047870386188966,0.03162894736842103,-0.8157763157894731,5.254006578947368,0.05568293490304704,-0.18872670671745137,1.4125254262465365
8.41,6.04,8.58,36.06,294.5003066972431,-42.398876839680916,22.345354010102106,83.0,-16.0,92.0,37.55558014463364,298.3746139467523,0.3498979522914985,0.49704046865249296,2.088960291329708,0.03458076707575114,-0.004978554014796856,0.002623832521311857,0.532,-1.967499999999999,11.953500000000002,159.7979290619866,7.763578124022651,-8.938141604040839,46.65979810586498,1.5251231836179668,-0.6549058376712453,0.12620263157894732,-0.6814315789473678,5.818630263157894,0.056178177631578896,-0.2015000463988918,1.4947921082063702
8.42,-0.18,7.81,14.17,178.76283208081685,40.680003454288446,40.680003454288446,83.0,-16.0,92.0,16.18077254027137,187.7921071175148,-0.010427422419283069,0.45243427274778203,0.8208698648957838,0.020990660170494856,0.0047767207439267136,0.0047767207439267136,0.41050000000000003,-1.5339999999999985,12.053,167.96257764260082,11.086733335781426,-7.591690785483406,51.27105290809813,0.8612460331019106,-0.30502463672359403,0.2207763157894736,-0.5470868421052626,6.38325394736842,0.05815424515235452,-0.2121698303324098,1.5858996083795003
8.44,-3.04,24.57,3.64,114.59155902616465,51.56620156177409,43.54479242994257,83.0,-16.0,92.0,25.023510944709574,132.990403756524,-0.17610757863678073,1.423343160232139,0.21086565336772428,0.013455551391342855,0.006054998126104285,0.005113109528710285,0.14599999999999982,-0.2624999999999993,11.626000000000001,172.91866257048244,14.954198452914483,-6.102000518143266,54.07010251567934,1.4982092450835323,0.3319385752580275,0.21795789473684202,-0.4247986842105258,6.605126315789472,0.06161113746537391,-0.22073605851800535,1.6858479267659268
8.45,-3.04,24.57,3.64,114.59155902616465,51.56620156177409,43.54479242994257,83.0,-16.0,92.0,25.023510944709574,132.990403756524,-0.17610757863678073,1.423343160232139,0.21086565336772428,0.013455551391342855,0.006054998126104285,0.005113109528710285,-0.050999999999999976,0.8070000000000004,11.478000000000002,177.98933905739023,17.933578987594764,-4.69825392007275,55.864365084641655,2.3056274011165736,1.013758351463707,0.17035789473684204,-0.04008421052631539,6.662121052631577,0.06502389923822709,-0.22738751159972279,1.789270299342104
8.46,-2.11,14.54,0.32,14.32394487827058,46.9825392007275,8.021409131831525,83.0,63.0,56.0,14.695785110023893,49.768236768885636,-0.12223256280381818,0.8423040109798656,0.018537639856503235,0.001681943923917857,0.005516776070450571,0.0009418885973939999,-0.2545000000000001,1.4059999999999993,11.012500000000001,178.61959263203414,19.136790357369495,-5.2425638254470295,57.65862765360397,3.113045557149615,1.6955781276693864,0.12275789473684207,0.344630263157895,6.719115789473682,0.06769134522160658,-0.22801514594875325,1.8935850895083088
8.47,-0.78,6.3,-0.3,-85.37071147449265,75.63042895726868,-45.83662361046586,83.0,63.0,56.0,6.355186857992455,122.91914507483791,-0.045185497150226635,0.3649597846749074,-0.01737903736547178,-0.010024385786550427,0.008880663918286284,-0.005382220556537143,-0.3915,1.593,10.516000000000002,174.2651133890399,21.772396214971284,-8.479775367936181,57.88291047472426,3.848693210424164,1.8211765074967485,0.08971973684210524,0.5722960526315791,6.724126315789472,0.0696134754155124,-0.22261896156509672,1.9987922972645416
8.49,-0.78,6.3,-0.3,-85.37071147449265,75.63042895726868,-45.83662361046586,83.0,63.0,56.0,6.355186857992455,122.91914507483791,-0.045185497150226635,0.3649597846749074,-0.01737903736547178,-0.010024385786550427,0.008880663918286284,-0.005382220556537143,-0.28750000000000003,2.0990000000000006,10.286000000000001,169.30902846115828,22.0588751125367,-11.487803792373004,56.54618486084734,5.032906505939291,1.1034714799118228,0.0775065789473684,0.6709407894736843,6.719428947368419,0.07101829761080325,-0.2136580102146812,2.104077959314403
8.5,0.61,6.58,-0.69,-184.4924100321251,103.13240312354819,-89.38141604040842,83.0,63.0,56.0,6.644140275460777,229.4837237515733,0.035337375976459286,0.3811802195493477,-0.03997178594058509,-0.021663437740062,0.01210999625220857,-0.010495330085247428,-0.11400000000000007,2.6189999999999998,10.0365,159.39685860539504,23.72045271841609,-16.67307183830696,55.20945924697042,6.217119801454419,0.3857664523268971,0.06529342105263156,0.7695855263157896,6.714731578947366,0.07223188746537389,-0.2031524899584485,2.2092900704639873
8.51,0.61,6.58,-0.69,-184.4924100321251,103.13240312354819,-89.38141604040842,83.0,63.0,56.0,6.644140275460777,229.4837237515733,0.035337375976459286,0.3811802195493477,-0.03997178594058509,-0.021663437740062,0.01210999625220857,-0.010495330085247428,-0.13250000000000012,3.8949999999999987,9.5285,149.45604085987526,23.233438592554883,-21.17079053008392,52.32069651094109,7.831956113520501,-1.013758351463708,0.07484473684210524,0.8726144736842106,6.703927631578945,0.0732542449792243,-0.19110240079639865,2.314428630713295
8.52,0.02,9.29,0.48,-244.0800207257307,139.22874421679006,-114.59155902616465,83.0,63.0,56.0,9.30241366528064,303.464866390995,0.0011586024910314522,0.5381708570841094,0.02780645978475485,-0.02866032446356028,0.01634849494048157,-0.013455551391342855,-0.5109999999999999,5.5669999999999975,8.9045,135.7050537767355,26.155523347722074,-25.35338243453893,49.43193377491176,9.446792425586585,-2.4132831552543133,0.08439605263157893,0.9756434210526317,6.693123684210524,0.07442615599030462,-0.17743909522160642,2.419398023891965
8.54,-0.35,8.73,0.72,-280.17636181897257,134.64508185574346,-112.87268564077219,83.0,63.0,56.0,8.76662991120305,330.7088371268846,-0.02027554359305041,0.5057299873352289,0.041709689677132275,-0.03289882315183328,0.015810272884827857,-0.013253718120472713,-0.908,7.210999999999997,8.2925,120.14924963893365,28.848424984836946,-29.45003066972431,45.61015450302203,11.626821446875796,-4.207545724216628,0.08470921052631578,1.1211052631578948,6.700639473684208,0.07574762049861487,-0.1621625732340718,2.524198249999998
8.55,-0.35,8.73,0.72,-280.17636181897257,134.64508185574346,-112.87268564077219,83.0,63.0,56.0,8.76662991120305,330.7088371268846,-0.02027554359305041,0.5057299873352289,0.041709689677132275,-0.03289882315183328,0.015810272884827857,-0.013253718120472713,-1.0150000000000001,8.862499999999999,7.667,101.49947340742533,33.0596647790485,-32.17158019659572,41.22318252190917,13.735079965406516,-5.9748943546445075,0.07922894736842104,1.2577986842105264,6.711913157894735,0.07707398840027692,-0.14460842503462581,2.6291161575484745
8.56,-0.34,5.95,0.53,-299.0839690582897,118.02930579694959,-104.27831871380984,83.0,63.0,56.0,5.983226554293261,338.01790681611635,-0.019696242347534688,0.344684241081857,0.030702966012333483,-0.03511898913140485,0.013859217933083142,-0.012244551766121999,-1.1215,10.375,7.032000000000001,81.9043168139512,36.44011577032036,-34.463411377119016,36.836210540796316,15.843338483937234,-7.742242985072387,0.0737486842105263,1.394492105263158,6.723186842105261,0.07831454691828246,-0.1249139456371189,2.734210587257616
8.57,-0.05,3.96,0.08,-303.6676314193363,110.58085446024887,-101.98648753328652,46.0,25.0,100.0,3.9611235779763296,338.88552548665433,-0.0028965062275786305,0.2294032932242275,0.004634409964125809,-0.035657211187058564,0.012984607092645855,-0.011975440738295142,-1.0924999999999998,11.157499999999999,6.189,57.410371072108475,43.54479242994257,-36.325524211294194,32.15318523580468,17.691428929968417,-9.375021922828093,0.06842499999999999,1.4876565789473686,6.731485526315788,0.07946929605263149,-0.10307913504155103,2.839481539127422
8.59,-0.05,3.96,0.08,-303.6676314193363,110.58085446024887,-101.98648753328652,46.0,25.0,100.0,3.9611235779763296,338.88552548665433,-0.0028965062275786305,0.2294032932242275,0.004634409964125809,-0.035657211187058564,0.012984607092645855,-0.011975440738295142,-0.8484999999999999,10.946,5.679,25.238790875512784,48.09980690123261,-39.247608966461385,27.398389428054543,19.42289230901705,-10.971915609204553,0.06764210526315788,1.5496618421052633,6.732738157894735,0.08054068749999992,-0.0797855649238225,2.9448824309210506
8.6,0.82,0.22,-0.21,-306.53242039499037,110.58085446024887,-107.14310768946395,46.0,25.0,100.0,0.8745856161634491,343.03045878132446,0.047502702132289534,0.012744627401345974,-0.012165326155830247,-0.035993599971842136,0.012984607092645855,-0.01258094055090557,-0.5609999999999999,10.5475,5.1545000000000005,-7.076028769865653,52.654821372522655,-42.42752472943745,22.643593620304408,21.154355688065685,-12.568809295581012,0.06685921052631577,1.611667105263158,6.733990789473682,0.08159982046398884,-0.05552112292243746,3.0503029362880865
8.68,-4.05,-2.97,-14.56,-116.3104324115571,-48.70141258611997,59.01465289847479,46.0,25.0,100.0,15.40185053816586,139.22167048406774,-0.23461700443386904,-0.17205246991817064,-0.8434626134708971,-0.013657384662212998,-0.005718609341320713,0.006929608966541571,-0.388,9.315,4.1375,-34.74989027468441,50.706764869077844,-39.39084841524409,17.843941248330218,22.88581906711432,-14.246444797560775,0.0796986842105263,1.6151118421052633,6.7307026315789455,0.08264669494459825,-0.030285809037395917,3.1557430552285295
8.76,-4.0,26.51,9.15,126.05071492878113,-261.8417123747862,135.21803965087426,53.0,-66.0,100.0,28.328476838686544,320.5211121290492,-0.23172049820629043,1.5357276018621897,0.5300606396468893,0.014801106530477143,-0.030745934929218427,0.015877550641784567,-0.4185,9.79,4.5200000000000005,-52.62617348276608,44.089102335316845,-32.60129854294384,16.02276474083347,22.123257475305337,-13.322399574545184,0.01628421052631579,1.5686078947368423,6.502723684210524,0.08389460855263149,-0.004996557825484565,3.2611316885387787
8.83,6.42,9.81,22.24,12.032113697747286,13.178029288008934,-18.334649444186343,53.0,-66.0,100.0,25.141004355434966,25.58498751597002,0.3719113996210961,0.5682945218509273,1.2883659700269745,0.0014128328960909997,0.0015473884100044284,-0.002152888222614857,0.07199999999999998,9.43,5.5569999999999995,-76.20338675239945,51.222426884695594,-33.48938312539661,17.996453566692015,18.02336750522645,-11.205169743169654,-0.04634736842105261,1.9836986842105264,6.64599342105263,0.08414958500692513,0.019564539473684403,3.362950651488917
8.91,2.4,-10.72,12.3,10.313240312354818,-36.09634109324187,2.291831180523293,90.0,-62.0,84.0,16.49146445892541,37.610653493658695,0.13903229892377425,-0.6210109351928583,0.7125405319843431,0.001210999625220857,-0.004238498688273,0.00026911102782685713,-0.10999999999999992,8.465,4.369,-90.41274007164388,51.53755367201755,-34.49205926687555,18.184851136433057,18.229707700657116,-11.492251754203624,0.05417631578947367,2.1373026315789474,6.994224999999998,0.08342388279085865,0.050625084660665,3.467012916897504
8.92,1.87,-5.25,3.91,6.302535746439056,-18.90760723931717,2.291831180523293,90.0,-62.0,84.0,6.807899822999748,20.0617062711884,0.10832933291144077,-0.3041331538957562,0.2265067869966489,0.0007400553265238571,-0.002220165979571571,0.00026911102782685713,-0.3185,7.7735,2.7615000000000003,-104.82262861918407,52.71211715203573,-35.494735408354494,18.346334767639664,17.664514991433986,-11.456366502824377,0.0917552631578947,1.9694500000000001,7.186817105263156,0.08427216984072014,0.08409074428670377,3.5765277557132937
8.94,1.46,-2.02,11.36,2.291831180523293,-18.334649444186343,2.291831180523293,90.0,-62.0,84.0,11.630202061873215,18.618924527513403,0.084577981845296,-0.11701885159417666,0.6580862149058647,0.00026911102782685713,-0.002152888222614857,0.00026911102782685713,-0.23649999999999993,7.281999999999999,2.621,-113.64617866419874,49.761384507112,-37.414144022042755,18.445019208932592,17.368461667555206,-11.42048125144513,0.12103552631578943,1.887246052631579,7.248039473684209,0.0857088640927977,0.11492818507617744,3.6890581814404406
8.95,1.46,-2.02,11.36,2.291831180523293,-18.334649444186343,2.291831180523293,90.0,-62.0,84.0,11.630202061873215,18.618924527513403,0.084577981845296,-0.11701885159417666,0.6580862149058647,0.00026911102782685713,-0.002152888222614857,0.00026911102782685713,-0.011499999999999955,5.952499999999999,3.0070000000000006,-119.26116505648083,46.266341956813974,-39.47679208451372,18.480904460311837,17.081379656521236,-11.384596000065883,0.1438960526315789,1.855617105263158,7.425913157894735,0.0876040256232686,0.14447848511080347,3.8025472205678645
8.96,0.6,0.28,16.25,2.864788975654116,-10.886198107485642,2.291831180523293,100.0,-62.0,78.0,16.26348363666284,11.487768071756676,0.03475807473094356,0.01622043487444033,0.9413645239630548,0.0003363887847835714,-0.0012782773821775712,0.00026911102782685713,0.17050000000000012,4.7379999999999995,3.6375,-124.84750355900636,43.14372197335099,-41.53944014698469,18.516789711691082,16.794297645487266,-11.348710748686637,0.16675657894736837,1.823988157894737,7.6037868421052615,0.08985713486842095,0.17353354241689764,3.918821387119111
8.97,-0.14,5.11,2.65,9.167324722093172,6.875493541569878,2.291831180523293,100.0,-62.0,78.0,5.757968391715953,11.686091911348658,-0.008110217437220166,0.296022936458536,0.15351483006166738,0.0010764441113074285,0.0008073330834805713,0.00026911102782685713,0.2690000000000001,4.266500000000001,3.7540000000000004,-125.10533456681523,41.138369690393105,-41.8259190445501,18.56164627591514,16.623842701435844,-11.31282549730739,0.17615131578947363,1.8283723684210529,7.858227631578946,0.09246819182825475,0.20209335699445996,4.03788068109418
8.99,-0.14,5.11,2.65,9.167324722093172,6.875493541569878,2.291831180523293,100.0,-62.0,78.0,5.757968391715953,11.686091911348658,-0.008110217437220166,0.296022936458536,0.15351483006166738,0.0010764441113074285,0.0008073330834805713,0.00026911102782685713,0.30100000000000005,4.207,3.9015,-120.37843275698594,37.700622919608165,-39.41949630500064,18.705187281432128,16.731498455573583,-11.276940245928143,0.17395921052631574,1.908384210526316,7.899721052631578,0.09522635058864255,0.23072181907894748,4.160923982167587
9.0,1.86,3.51,21.08,0.5729577951308232,22.91831180523293,2.291831180523293,100.0,-62.0,78.0,21.451016292940526,23.039743635659207,0.10775003166592505,0.20333473717601983,1.2211670255471503,6.727775695671428e-05,0.0026911102782685714,0.00026911102782685713,0.43299999999999983,4.0675,4.9704999999999995,-116.08124929350477,35.06501706200638,-37.01307356545119,18.848728286949115,16.83915420971132,-11.241054994548897,0.17176710526315786,1.9883960526315791,7.94121447368421,0.09795018559556776,0.2606030981648201,4.284616982860108
9.01,1.86,3.51,21.08,0.5729577951308232,22.91831180523293,2.291831180523293,100.0,-62.0,78.0,21.451016292940526,23.039743635659207,0.10775003166592505,0.20333473717601983,1.2211670255471503,6.727775695671428e-05,0.0026911102782685714,0.00026911102782685713,0.49549999999999983,3.9140000000000006,6.058999999999999,-106.82798090214199,31.054312496090624,-32.4294112044046,18.857699599793925,17.198006723503784,-11.20516974316965,0.20089078947368416,2.043355263157895,8.27128289473684,0.10063969684903036,0.29173719425207767,4.408959683171742
9.02,1.21,5.22,10.88,8.021409131831525,22.91831180523293,2.291831180523293,100.0,-62.0,78.0,12.127938819106898,24.389434405539788,0.07009545070740285,0.302395250159209,0.63027975512111,0.0009418885973939999,0.0026911102782685714,0.00026911102782685713,0.5255000000000001,3.846000000000001,6.6375,-97.20228994394415,27.043607930174858,-27.845748843358013,18.866670912638735,17.556859237296248,-11.169284491790403,0.23001447368421046,2.0983144736842108,8.601351315789472,0.10378522368421042,0.32373183587257626,4.538470560076174
9.04,-0.23,3.12,11.2,4.010704565915763,24.064227395494573,2.291831180523293,100.0,-62.0,78.0,11.628727359431899,24.503576910670567,-0.0133239286468617,0.18074198860090654,0.6488173949776131,0.00047094429869699996,0.0028256657921819995,0.00026911102782685713,0.5130000000000001,3.5375000000000005,7.1735000000000015,-84.79775367936182,21.285382089110083,-22.001579333023614,18.992269292466098,17.91571175108871,-11.133399240411157,0.2489605263157894,2.1800486842105267,8.771709210526314,0.10738676610110792,0.35658702302631584,4.673149613573404
9.05,-0.23,3.12,11.2,4.010704565915763,24.064227395494573,2.291831180523293,100.0,-62.0,78.0,11.628727359431899,24.503576910670567,-0.0133239286468617,0.18074198860090654,0.6488173949776131,0.00047094429869699996,0.0028256657921819995,0.00026911102782685713,0.519,3.2570000000000006,7.6975000000000025,-70.5884003601174,15.756339366097638,-16.24335349195884,19.055068482379777,18.2925068905708,-11.09751398903191,0.24535921052631574,2.228901315789474,8.947077631578946,0.11128496381578937,0.3907219958448754,4.810496113054014
9.06,0.29,1.97,5.96,3.437746770784939,22.91831180523293,2.291831180523293,100.0,-62.0,78.0,6.283836407800572,23.287756633517535,0.016799736119956055,0.11412234536659803,0.3452635423273727,0.00040366654174028567,0.0026911102782685714,0.00026911102782685713,0.5509999999999999,2.919,7.959500000000003,-56.407694930629546,10.170000863572112,-10.485127650894066,19.117867672293457,18.669302030052886,-11.061628737652663,0.24175789473684206,2.2777539473684216,9.122446052631577,0.1151267725069251,0.42562189802631584,4.950588512811631
9.07,0.29,1.97,5.96,3.437746770784939,22.91831180523293,2.291831180523293,100.0,-62.0,78.0,6.283836407800572,23.287756633517535,0.016799736119956055,0.11412234536659803,0.3452635423273727,0.00040366654174028567,0.0026911102782685714,0.00026911102782685713,0.5824999999999999,2.7199999999999998,8.231000000000002,-41.28160913917581,5.414451163986277,-5.156620156177409,19.171695549362326,19.02815454384535,-11.025743486273416,0.24629868421052628,2.3086000000000007,9.215767105263156,0.11891219217451512,0.46128672957063716,5.093426812846257
9.09,-0.75,0.17,6.18,0.5729577951308232,21.772396214971284,2.291831180523293,93.0,-58.0,84.0,6.227664088564829,21.900182824276055,-0.04344759341367945,0.009848121173767344,0.3580081697287187,6.727775695671428e-05,0.0025565547643551425,0.00026911102782685713,0.5475,2.5305,8.536000000000001,-26.069579678452452,0.974028251722396,0.05729577951308258,19.225523426431195,19.387007057637813,-10.98985823489417,0.2508394736842105,2.3394460526315797,9.309088157894735,0.12276871104570626,0.49743454536011084,5.23772632409972
9.1,0.67,0.22,8.61,2.291831180523293,10.313240312354818,2.291831180523293,93.0,-58.0,84.0,8.638830939426931,10.810546057457879,0.038813183449553645,0.012744627401345974,0.4987783723890401,0.00026911102782685713,0.001210999625220857,0.00026911102782685713,0.5835000000000001,2.3434999999999997,8.962500000000002,-10.77160654845947,-4.039352455672306,5.271211715203572,19.234494739276006,19.727916945740652,-10.953972983514923,0.23909605263157893,2.3421078947368428,9.405853947368419,0.1266963291204985,0.5340653453947368,5.383487046572019
9.11,0.67,0.22,8.61,2.291831180523293,10.313240312354818,2.291831180523293,93.0,-58.0,84.0,8.638830939426931,10.810546057457879,0.038813183449553645,0.012744627401345974,0.4987783723890401,0.00026911102782685713,0.001210999625220857,0.00026911102782685713,0.576,2.3434999999999997,9.403500000000003,4.669606030316211,-9.052733163067009,10.742958658702936,19.27037999065525,19.88940057694726,-10.918087732135676,0.24958684210526313,2.345552631578948,9.54066842105263,0.13044006994459822,0.5707378242728531,5.530762917590025
9.12,0.96,0.83,4.01,4.010704565915763,6.875493541569878,2.291831180523293,93.0,-58.0,84.0,4.206019495912971,8.283154756205239,0.0556129195695097,0.04808200337780526,0.23229979945180612,0.00047094429869699996,0.0008073330834805713,0.00026911102782685713,0.8265,2.5335,10.332000000000003,10.685662879189854,-6.273887856682516,7.906817572805361,19.306265242034495,20.050884208153867,-10.88220248075643,0.26007763157894737,2.348997368421053,9.67548289473684,0.13434807444598326,0.6074642404778393,5.68014969944598
9.13,1.94,-1.15,15.16,-4.010704565915763,2.291831180523293,2.291831180523293,93.0,-58.0,84.0,15.32682941772368,5.156620156177409,0.11238444163005085,-0.0666196432343085,0.8782206882018406,-0.00047094429869699996,0.00026911102782685713,0.00026911102782685713,1.1235,1.1504999999999996,10.632500000000004,4.18259190445501,6.932789321082959,1.260507149287812,19.369064431948175,20.158539962291606,-10.846317229377183,0.27510921052631576,2.361993421052632,9.738271052631577,0.1384203426246536,0.6442445940096952,5.831647392139886
9.15,1.94,-1.15,15.16,-4.010704565915763,2.291831180523293,2.291831180523293,93.0,-58.0,84.0,15.32682941772368,5.156620156177409,0.11238444163005085,-0.0666196432343085,0.8782206882018406,-0.00047094429869699996,0.00026911102782685713,0.00026911102782685713,0.8995,0.6024999999999998,10.278500000000001,3.380450991271857,6.388479415708676,2.291831180523294,19.306265242034495,20.19442521367085,-10.810431977997936,0.30548552631578946,2.3439868421052634,9.975644736842103,0.1427279736842104,0.681228438365651,5.984128215200828
9.16,0.07,-0.49,6.84,2.291831180523293,-1.7188733853924696,2.291831180523293,93.0,-58.0,84.0,6.857885971638781,3.6687199450282586,0.004055108718610083,-0.028385761030270577,0.3962420519327566,0.00026911102782685713,-0.00020183327087014283,0.00026911102782685713,0.783,1.114,10.0055,2.9793805346802804,8.107352801101147,2.291831180523294,19.243466052120816,20.230310465050096,-10.77454672661869,0.33586184210526315,2.325980263157895,10.21301842105263,0.14751123389889184,0.717930337603878,6.140325810422435
9.17,0.07,-0.49,6.84,2.291831180523293,-1.7188733853924696,2.291831180523293,93.0,-58.0,84.0,6.857885971638781,3.6687199450282586,0.004055108718610083,-0.028385761030270577,0.3962420519327566,0.00026911102782685713,-0.00020183327087014283,0.00026911102782685713,0.6929999999999998,1.3519999999999999,10.152000000000001,2.7788453063844925,8.966789493797382,2.291831180523294,19.27935130350006,20.20339652651566,-10.738661475239443,0.3369578947368421,2.3183078947368423,10.320118421052628,0.15277012326869793,0.7543502917243766,6.300240177804707
