time,ax,ay,az,gx,gy,gz,mx,my,mz,normAccel,normMag,normGyr,thetaGyrx,thetaGyry,thetaGyrz,vx,vy,vz,posx,posy,posz
0.049,2.35,2.39,-9.25,0.18,0.16,-0.09,100.0,-100.0,100.0,0.0,0.0,0.0,0.0,0.0,0.0,0.0,0.0,0.0,0.0,0.0,0.0
0.061,2.22,2.39,-9.23,0.17,0.17,-0.08,100.0,-33.0,0.0,9.838551722687644,173.20508075688772,14.730699227659775,0.16664773828860233,0.14813132292320208,-0.08332386914430116,0.037972758620689655,0.03861910344827586,-0.14946724137931033,0.0,0.0,0.0
0.073,2.22,2.39,-9.23,0.17,0.17,-0.08,100.0,-33.0,0.0,9.78945350875114,105.30432089900205,14.517443565268438,0.32403726889450457,0.3055208535291043,-0.15738953060590222,0.07384489655172413,0.07723820689655173,-0.2986113103448276,0.0006135874030915576,0.0006240314439952437,-0.0024151844589774076
0.157,2.27,2.4,-9.42,0.15,0.15,-0.08,100.0,-33.0,0.0,9.78945350875114,105.30432089900205,14.517443565268438,0.4814267995004068,0.4629103841350065,-0.23145519206750326,0.10971703448275862,0.11585731034482759,-0.4477553793103448,0.001806819076337693,0.0018720943319857312,-0.007240331356480379
0.168,2.22,2.43,-9.45,0.16,0.15,-0.08,100.0,-33.0,0.0,9.982449599171538,105.30432089900205,12.989851669307221,0.6202999147409087,0.6017834993755085,-0.3055208535291043,0.14639710344827586,0.154638,-0.5999695862068966,0.003579695019738406,0.0037441886639714623,-0.014475440692508916
0.18,2.22,2.43,-9.45,0.16,0.15,-0.08,100.0,-33.0,0.0,10.006787696358906,105.30432089900205,13.375834406706746,0.7684312376641108,0.7406566146160104,-0.37958651499070534,0.18226924137931033,0.19390344827586206,-0.7526685517241379,0.005945270284423305,0.006242925450178359,-0.02417012166135553
0.191,2.21,2.48,-9.48,0.16,0.15,-0.08,33.0,-33.0,0.0,10.006787696358906,105.30432089900205,13.375834406706746,0.9165625605873129,0.8795297298565123,-0.4536521764523064,0.21814137931034483,0.23316889655172413,-0.9053675172413793,0.00889048981926278,0.009376137721284185,-0.036332207293697974
0.203,2.31,2.49,-9.43,0.17,0.13,-0.08,33.0,-33.0,0.0,10.045143105003532,46.66904755831214,13.375834406706746,1.064693883510515,1.0184028450970142,-0.5277178379139074,0.2538519310344828,0.27324227586206895,-1.0585512413793103,0.012415353624256834,0.01314382547728894,-0.05096169758953626
0.217,2.31,2.49,-9.43,0.17,0.13,-0.08,33.0,-33.0,0.0,10.023028484445208,46.66904755831214,13.090549700857219,1.2220834141164172,1.138759544972116,-0.6017834993755085,0.2911783448275862,0.3134772413793103,-1.2109270344827585,0.016517250689179544,0.017559043769322234,-0.06806642557954815
0.229,2.38,2.45,-9.38,0.18,0.13,-0.08,33.0,-33.0,0.0,10.023028484445208,46.66904755831214,13.090549700857219,1.3794729447223193,1.2591162448472177,-0.6758491608371096,0.3285047586206896,0.3537122068965517,-1.3633028275862067,0.021222291116290128,0.022624403607609984,-0.08763333621260402
0.24,2.38,2.45,-9.38,0.18,0.13,-0.08,33.0,-33.0,0.0,9.982549774481468,46.66904755831214,13.522289513823248,1.5461206830109215,1.3794729447223195,-0.7499148222987106,0.3669622758620689,0.3933008275862069,-1.5148706896551722,0.02653047490558858,0.028339904992152196,-0.1096624294887039
0.252,2.35,2.41,-9.45,0.17,0.14,-0.08,33.0,-33.0,0.0,9.982549774481468,46.66904755831214,13.522289513823248,1.7127684212995238,1.4998296445974213,-0.8239804837603117,0.4054197931034482,0.43288944827586207,-1.6664385517241378,0.03246007912865636,0.03469510388204518,-0.13414065035671818
0.266,2.32,2.44,-9.44,0.17,0.15,-0.07,33.0,-33.0,0.0,10.031605056021693,46.66904755831214,13.42483030118611,1.8701579519054259,1.6294445521552232,-0.8980461452219128,0.4433925517241379,0.471831724137931,-1.819137517241379,0.03901110378549345,0.04169000027728893,-0.16106799881664685
0.278,2.32,2.44,-9.44,0.17,0.15,-0.07,33.0,-33.0,0.0,10.022454789122273,46.66904755831214,13.594925432147878,2.027547482511328,1.768317667395725,-0.9628535990008138,0.4808805517241379,0.5112587586206896,-1.971674896551724,0.046175715845422106,0.049314150136979776,-0.19046275194007134
0.29,2.36,2.42,-9.42,0.18,0.16,-0.07,33.0,-33.0,0.0,10.022454789122273,46.66904755831214,13.594925432147878,2.18493701311723,1.9071907826362269,-1.0276610527797148,0.5183685517241379,0.5506857931034482,-2.1242122758620687,0.053946082277764554,0.05757538649179547,-0.22232229871676573
0.302,2.36,2.4,-9.4,0.18,0.16,-0.06,33.0,-33.0,100.0,10.008116705954222,46.66904755831214,14.369708397032234,2.3515847514058326,2.055322105559429,-1.0924685065586157,0.556502896551724,0.5897896551724138,-2.2764264827586205,0.062322203082520795,0.06647370934173602,-0.25664663914673
0.315,2.36,2.4,-9.4,0.18,0.16,-0.06,33.0,-33.0,100.0,9.984467937752116,110.35397591387454,14.220438501000011,2.518232489694435,2.2034534284826313,-1.1480177526548165,0.5946372413793102,0.6285703448275862,-2.428317517241379,0.07131452230059451,0.07600389666634957,-0.29343055120951245
0.327,2.36,2.39,-9.34,0.17,0.15,-0.05,33.0,-33.0,100.0,9.984467937752116,110.35397591387454,14.220438501000011,2.6848802279830375,2.3515847514058335,-1.2035669987510174,0.6327715862068963,0.6673510344827587,-2.5802085517241373,0.08092303993198571,0.0861607264451843,-0.33266881288466105
0.339,2.36,2.39,-9.34,0.17,0.15,-0.05,33.0,-33.0,100.0,9.925588143782715,110.35397591387454,13.30200219010781,2.8422697585889396,2.4904578666463353,-1.249858037164518,0.6709059310344825,0.7059701379310346,-2.7311300689655167,0.09114775597669439,0.09694419867824018,-0.3743614241721759
0.35000000000000003,2.34,2.38,-9.31,0.17,0.15,-0.05,33.0,-33.0,100.0,9.925588143782715,110.35397591387454,13.30200219010781,2.9996592891948417,2.629330981886837,-1.2961490755780187,0.7090402758620686,0.7445892413793105,-2.882051586206896,0.10198867043472054,0.10835170235529132,-0.41849271901070145
0.362,2.32,2.38,-9.32,0.16,0.15,-0.05,33.0,-33.0,100.0,9.890202222401724,110.35397591387454,13.30200219010781,3.157048819800744,2.768204097127339,-1.3424401139915194,0.7468514482758617,0.7830467586206898,-3.032488344827586,0.11344578330606417,0.1203832374763377,-0.4650626974002377
0.376,2.32,2.38,-9.32,0.16,0.15,-0.05,33.0,-33.0,100.0,9.894907781278206,110.35397591387454,12.888366898509455,3.305180142723946,2.907077212367841,-1.38873115240502,0.7843394482758617,0.8215042758620692,-3.183086689655172,0.12551387257027344,0.13303619303115338,-0.5140635263101069
0.388,2.26,2.4,-9.34,0.16,0.14,-0.05,33.0,-33.0,100.0,9.894907781278206,110.35397591387454,12.888366898509455,3.453311465647148,3.0459503276083426,-1.4350221908185208,0.8218274482758616,0.8599617931034486,-3.333685034482758,0.1381877162068965,0.1463105690197384,-0.5654978167505349
0.399,2.26,2.4,-9.34,0.16,0.14,-0.05,33.0,-33.0,100.0,9.904705952222912,110.35397591387454,12.513587131416802,3.6014427885703504,3.1755652351661445,-1.4813132292320215,0.8583459310344823,0.898742482758621,-3.4846065517241374,0.15146731421593335,0.16020636544209274,-0.6193655687215218
0.41000000000000003,2.26,2.4,-9.34,0.16,0.15,-0.04,33.0,-33.0,100.0,9.904705952222912,110.35397591387454,12.513587131416802,3.7495741114935526,3.3051801427239464,-1.5276042676455222,0.894864413793103,0.9375231724137935,-3.6355280689655167,0.16533700053602846,0.17472880431866825,-0.6756720042435195
0.423,2.34,2.38,-9.39,0.16,0.14,-0.04,33.0,-100.0,0.0,9.904705952222912,110.35397591387454,12.773232777789014,3.8977054344167548,3.4440532579644483,-1.5646370983763227,0.9313828965517237,0.9763038620689659,-3.786449586206896,0.17979677516718184,0.18987788564946492,-0.7344171233165278
0.435,2.34,2.38,-9.39,0.16,0.14,-0.04,33.0,-100.0,0.0,9.965545644870632,105.30432089900205,12.39497225412585,4.0458367573399565,3.57366816552225,-1.6016699291071232,0.9691940689655167,1.0147613793103452,-3.9381790344827583,0.19484663810939348,0.20565360943448277,-0.7956009259405468
0.447,2.38,2.32,-9.4,0.15,0.14,-0.04,33.0,-100.0,0.0,9.965545644870632,105.30432089900205,12.39497225412585,4.193968080263159,3.703283073080052,-1.6387027598379238,1.0070052413793098,1.0532188965517244,-4.08990848275862,0.21050747744447076,0.22205075365326993,-0.8592364671667061
0.459,2.38,2.32,-9.4,0.15,0.14,-0.04,33.0,-100.0,0.0,9.970295883272472,105.30432089900205,11.977421988704966,4.3328411955036605,3.832897980637854,-1.6757355905687243,1.045462758620689,1.0907068965517244,-4.241799517241379,0.2267792931724137,0.23906931830582642,-0.9253237469950057
0.47400000000000003,2.38,2.29,-9.39,0.15,0.13,-0.04,33.0,-100.0,0.0,9.970295883272472,105.30432089900205,11.977421988704966,4.471714310744162,3.962512888195656,-1.712768421299525,1.0839202758620683,1.1281948965517243,-4.393690551724138,0.24367252933412592,0.2566936373307967,-0.9938653764356716
0.485,2.36,2.28,-9.44,0.15,0.14,-0.03,33.0,-100.0,0.0,9.953923849417375,105.30432089900205,11.601511123577028,4.610587425984664,4.082869588070758,-1.7498012520303254,1.1223777931034475,1.1651981379310348,-4.54542,0.2611871859296075,0.2749237107281808,-1.0648613554887036
0.497,2.36,2.28,-9.44,0.15,0.14,-0.03,33.0,-100.0,0.0,9.994078246641857,105.30432089900205,11.881105716662274,4.749460541225166,4.212484495628559,-1.7775758750784258,1.1605121379310337,1.2020397931034486,-4.697957379310345,0.27932326295885834,0.2937517054673009,-1.138309073143876
0.508,2.35,2.31,-9.47,0.15,0.16,-0.03,33.0,-100.0,0.0,9.994078246641857,105.30432089900205,11.881105716662274,4.888333656465668,4.342099403186361,-1.8053504981265263,1.1986464827586198,1.2388814482758623,-4.850494758620689,0.2980755384014267,0.3131750105379311,-1.2142215844523183
0.52,2.35,2.31,-9.47,0.15,0.16,-0.03,33.0,-100.0,0.0,10.02693871528095,105.30432089900205,12.682961450330732,5.02720677170617,4.490230726109563,-1.8331251211746267,1.2366192413793096,1.2762078620689659,-5.003516896551724,0.31744401225731256,0.33319362594007146,-1.2925988894140306
0.533,2.35,2.32,-9.42,0.15,0.17,-0.02,33.0,-100.0,0.0,10.02693871528095,105.30432089900205,12.682961450330732,5.1660798869466715,4.638362049032765,-1.860899744222727,1.2745919999999993,1.3135342758620694,-5.156539034482758,0.33742607351628995,0.35381538470439966,-1.3734488210596905
0.545,2.29,2.35,-9.4,0.15,0.16,-0.02,33.0,-100.0,0.0,9.98204888787868,105.30432089900205,13.040297885041136,5.304953002187173,4.795751579638668,-1.8794161595881274,1.312564758620689,1.3510222758620694,-5.30875324137931,0.3580217221783589,0.3750402868309157,-1.456771379389298
0.557,2.29,2.35,-9.4,0.15,0.16,-0.02,33.0,-100.0,0.0,9.956234227859447,105.30432089900205,12.618086541768903,5.443826117427675,4.94388290256187,-1.8979325749535276,1.3495679999999994,1.388995034482759,-5.460644275862069,0.37923095824351943,0.39687094332984557,-1.5425535093517238
0.5690000000000001,2.27,2.36,-9.41,0.16,0.15,-0.02,100.0,34.0,-100.0,9.956234227859447,105.30432089900205,12.618086541768903,5.582699232668177,5.092014225485072,-1.916448990318928,1.3865712413793099,1.4269677931034488,-5.612535310344827,0.40103811565041597,0.419315187231867,-1.6307899889265156
0.582,2.33,2.37,-9.36,0.16,0.14,-0.03,100.0,34.0,-100.0,9.963463253307054,145.45102268461366,12.618086541768903,5.730830555591379,5.230887340725574,-1.9349654056843282,1.4232513103448272,1.465102137931035,-5.764587931034483,0.42344319439904854,0.44237301853697997,-1.7214808181136738
0.594,2.33,2.37,-9.36,0.16,0.14,-0.03,100.0,34.0,-100.0,9.93254247411004,145.45102268461366,12.301925570232548,5.878961878514581,5.3605022482833755,-1.9627400287324286,1.4609008965517238,1.5033980689655178,-5.915832620689655,0.4464409724689653,0.46604704825541043,-1.8146286079234242
0.606,2.36,2.32,-9.34,0.16,0.14,-0.03,100.0,34.0,-100.0,9.93254247411004,145.45102268461366,12.301925570232548,6.027093201437784,5.490117155841177,-1.990514651780529,1.4985504827586205,1.5416940000000006,-6.0670773103448274,0.47004711592152176,0.49033988739738427,-1.910220303304637
0.618,2.36,2.32,-9.34,0.16,0.14,-0.03,100.0,34.0,-100.0,9.908965637239842,145.45102268461366,12.301925570232548,6.175224524360986,5.6197320633989785,-2.0182892748286294,1.5366848275862066,1.5791820000000005,-6.217998827586206,0.494261624756718,0.5152515359629015,-2.0082559042573123
0.631,2.32,2.27,-9.34,0.16,0.14,-0.03,100.0,34.0,-100.0,9.908965637239842,145.45102268461366,12.301925570232548,6.323355847284188,5.74934697095678,-2.0460638978767296,1.5748191724137928,1.6166700000000005,-6.368920344827585,0.5190923320052316,0.5407689389008326,-2.1087301887609984
0.642,2.3,2.26,-9.37,0.15,0.13,-0.03,100.0,34.0,-100.0,9.887916868582582,145.45102268461366,12.301925570232548,6.47148717020739,5.878961878514581,-2.07383852092483,1.6123071724137927,1.6533500689655178,-6.519841862068964,0.5445392376670628,0.5668920962111774,-2.211643156815695
0.653,2.3,2.26,-9.37,0.15,0.13,-0.03,100.0,34.0,-100.0,9.909313800662485,145.45102268461366,11.502047465798134,6.610360285447892,5.999318578389683,-2.10161314397293,1.6494719999999996,1.6898685517241385,-6.671248137931033,0.5705918977013077,0.5936079528428064,-2.3169948084214025
0.665,2.33,2.27,-9.39,0.15,0.14,-0.03,100.0,34.0,-100.0,9.909313800662485,145.45102268461366,11.502047465798134,6.749233400688394,6.119675278264785,-2.12938776702103,1.6866368275862065,1.7263870344827592,-6.822654413793102,0.5972450900875146,0.6209138977854937,-2.4247929766087983
0.678,2.33,2.27,-9.39,0.15,0.14,-0.03,100.0,34.0,-100.0,9.937499685534586,145.45102268461366,11.881105716662274,6.888106515928896,6.249290185822587,-2.1571623900691304,1.724286413793103,1.7630671034482766,-6.974383862068964,0.6244988148256834,0.6488099310392392,-2.5350376613778827
0.6890000000000001,2.34,2.28,-9.38,0.15,0.14,-0.03,-50.0,-33.0,-100.0,9.937499685534586,145.45102268461366,11.881105716662274,7.0269796311693975,6.378905093380388,-2.1849370131172305,1.7619359999999997,1.799747172413794,-7.126113310344826,0.6523609049464919,0.6772986636142689,-2.6477340847491075
0.7010000000000001,2.27,2.27,-9.38,0.15,0.14,-0.03,-50.0,-33.0,-100.0,9.932693491697004,116.57186624567696,11.881105716662274,7.165852746409899,6.50852000093819,-2.2127116361653307,1.7997471724137928,1.8365888275862077,-7.277681172413792,0.6808313604499402,0.7063800955105829,-2.7628822467224725
0.713,2.27,2.27,-9.38,0.15,0.14,-0.03,-50.0,-33.0,-100.0,9.914141415170555,116.57186624567696,11.881105716662274,7.304725861650401,6.638134908495991,-2.240486259213431,1.8364272413793101,1.873268896551725,-7.4292490344827575,0.7099127923462542,0.7360568377384069,-2.8804795362877518
0.725,2.23,2.29,-9.38,0.15,0.14,-0.03,-50.0,-33.0,-100.0,9.914141415170555,116.57186624567696,11.881105716662274,7.443598976890903,6.767749816053793,-2.268260882261531,1.8731073103448275,1.9099489655172424,-7.580816896551723,0.7395869235638522,0.7663262792875152,-3.0005259534449458
0.739,2.23,2.29,-9.38,0.15,0.14,-0.03,-50.0,-33.0,-100.0,9.909661951852849,116.57186624567696,11.881105716662274,7.582472092131405,6.897364723611594,-2.2960355053096313,1.9091410344827584,1.9469522068965528,-7.732384758620689,0.7698537541027345,0.7971884201579076,-3.123021498194054
0.751,2.28,2.3,-9.4,0.15,0.14,-0.03,-50.0,-33.0,-100.0,9.909661951852849,116.57186624567696,11.881105716662274,7.721345207371907,7.026979631169396,-2.3238101283577315,1.9451747586206893,1.9839554482758632,-7.883952620689654,0.8007028399219973,0.828648482370036,-3.2479661705350766
0.762,2.33,2.29,-9.39,0.15,0.14,-0.04,-50.0,-33.0,-100.0,9.942253265734081,116.57186624567696,11.881105716662274,7.8602183226124085,7.156594538727197,-2.3515847514058317,1.9820164137931031,2.0211202758620703,-8.035843655172412,0.8321341810216406,0.8607064659239004,-3.3753599704680135
0.774,2.33,2.29,-9.39,0.15,0.14,-0.04,-50.0,-33.0,-100.0,9.942087305993647,116.57186624567696,11.977421988704966,7.99909143785291,7.286209446284999,-2.3886175821366322,2.0196659999999995,2.0581235172413805,-8.187573103448274,0.864160832452794,0.8933649818297269,-3.5052081200133167
0.778,2.33,2.29,-9.39,0.15,0.14,-0.04,-50.0,-33.0,-100.0,9.942087305993647,116.57186624567696,11.977421988704966,8.137964553093413,7.4158243538428,-2.4256504128674328,2.057315586206896,2.0951267586206908,-8.339302551724137,0.8967958492665871,0.9266214190772893,-3.63750800816076
0.856,2.32,2.27,-9.42,0.16,0.19,-0.07,0.0,-33.0,0.0,9.942087305993647,116.57186624567696,11.977421988704966,8.276837668333915,7.545439261400602,-2.4626832435982333,2.0949651724137923,2.132130000000001,-8.491031999999999,0.9300392314630199,0.9604757776665878,-3.772259634910344
0.935,2.4,2.3,-9.36,0.15,0.16,-0.07,0.0,34.0,0.0,9.963518454843149,33.0,14.786307954008741,8.424968991257117,7.721345207371904,-2.527490697377134,2.1324531724137925,2.1688100689655183,-8.643246206896551,0.9638909790420924,0.9949280575976223,-3.909463000262068
1.0130000000000001,2.39,2.3,-9.4,0.15,0.13,-0.07,0.0,34.0,0.0,9.932753898088887,34.0,13.19047901141662,8.563842106497619,7.869476530295106,-2.592298151156035,2.171233862068965,2.205974896551725,-8.794490896551723,0.9983484809935788,1.029973036849941,-4.04912593724661
1.103,2.44,2.24,-9.5,0.15,0.16,-0.07,0.0,-100.0,100.0,9.968053972566562,34.0,12.05936653831868,8.70271522173812,7.989833230170208,-2.6571056049349355,2.209852965517241,2.243139724137932,-8.946381931034482,1.0334326253992863,1.0656185484542215,-4.191232779802615
1.114,2.44,2.24,-9.5,0.15,0.16,-0.07,0.0,-100.0,100.0,10.06087471346304,141.4213562373095,13.19047901141662,8.841588336978623,8.13796455309341,-2.7219130587138363,2.2492799999999997,2.2793350344827594,-9.099888827586206,1.069140801248989,1.1018645924104642,-4.335793971970986
1.1260000000000001,2.4,2.25,-9.48,0.16,0.16,-0.07,0.0,-100.0,100.0,10.06087471346304,141.4213562373095,13.19047901141662,8.980461452219124,8.286095876016612,-2.786720512492737,2.2887070344827585,2.315530344827587,-9.25339572413793,1.1054860635938164,1.1386955026573131,-4.482835623853982
1.1380000000000001,2.4,2.25,-9.48,0.16,0.16,-0.07,0.0,-100.0,100.0,10.034585193220495,141.4213562373095,13.570756656710738,9.128592775142327,8.434227198939814,-2.8515279662716377,2.327487724137931,2.351887241379311,-9.40657944827586,1.1424684124337687,1.1761112791947685,-4.632357735451604
1.151,2.39,2.25,-9.5,0.17,0.17,-0.07,0.0,-100.0,100.0,10.034585193220495,141.4213562373095,13.570756656710738,9.276724098065529,8.582358521863016,-2.9163354200505385,2.3662684137931036,2.388244137931035,-9.55976317241379,1.1800774037279422,1.2141145330330563,-4.7843550847433995
1.161,2.38,2.24,-9.5,0.18,0.18,-0.07,0.0,-100.0,100.0,10.051099442349578,141.4213562373095,14.34684488470327,9.434113628671431,8.739748052468919,-2.981142873829439,2.4048875172413795,2.424601034482759,-9.713270068965514,1.218313037476337,1.2527052641721763,-4.938827671729369
1.173,2.38,2.24,-9.5,0.18,0.18,-0.07,0.0,-100.0,100.0,10.046491925045279,141.4213562373095,15.126519844161729,9.600761366960034,8.906395790757522,-3.04595032760834,2.4433450344827587,2.4607963448275862,-9.866776965517237,1.257172702668727,1.2918834726121287,-5.095780718429963
1.186,2.38,2.26,-9.46,0.19,0.18,-0.07,50.0,-100.0,0.0,10.046491925045279,141.4213562373095,15.126519844161729,9.767409105248637,9.073043529046124,-3.1107577813872407,2.481802551724138,2.4969916551724136,-10.020283862068961,1.2966537882948863,1.3316465473426875,-5.255214224845183
1.2,2.38,2.26,-9.46,0.19,0.18,-0.07,50.0,-100.0,0.0,10.013171325808823,111.80339887498948,15.522821460380907,9.94331505121994,9.239691267334727,-3.1755652351661414,2.5202600689655172,2.5335101379310343,-10.1731444137931,1.336756294354815,1.3719944883638528,-5.417128190975029
1.211,2.36,2.27,-9.33,0.19,0.18,-0.07,50.0,-100.0,0.0,10.013171325808823,111.80339887498948,15.522821460380907,10.119220997191244,9.40633900562333,-3.240372688945042,2.5587175862068965,2.570028620689655,-10.326004965517239,1.377480220848513,1.4129325176960763,-5.581512172778596
1.223,2.43,2.28,-9.27,0.19,0.17,-0.07,50.0,-100.0,0.0,9.887942151934345,111.80339887498948,15.522821460380907,10.295126943162547,9.572986743911933,-3.305180142723943,2.596851931034483,2.6067086896551723,-10.476764896551721,1.4188255677759805,1.454460635339358,-5.748366170255885
1.235,2.43,2.28,-9.27,0.19,0.17,-0.07,50.0,-100.0,0.0,9.850695406924325,111.80339887498948,15.14820662209956,10.47103288913385,9.730376274517836,-3.3699875965028436,2.636117379310345,2.6435503448275863,-10.626555310344825,1.4607871131167651,1.496581452303924,-5.917656240273958
1.246,2.44,2.27,-9.31,0.19,0.15,-0.07,50.0,-100.0,0.0,9.850695406924325,111.80339887498948,15.14820662209956,10.646938835105153,9.887765805123738,-3.4347950502817444,2.675382827586207,2.6803920000000003,-10.77634572413793,1.5033831339424488,1.5392975796000001,-6.089366716771461
1.2590000000000001,2.44,2.27,-9.31,0.19,0.15,-0.07,50.0,-100.0,0.0,9.8885084820715,111.80339887498948,14.438081701727059,10.822844781076457,10.02663892036424,-3.499602504060645,2.714809862068966,2.7170720689655177,-10.926782482758618,1.5466136302530316,1.5826090172275864,-6.263497599748393
1.2710000000000001,2.38,2.24,-9.3,0.19,0.14,-0.08,50.0,-100.0,0.0,9.8885084820715,111.80339887498948,14.438081701727059,10.99875072704776,10.165512035604742,-3.564409957839546,2.7542368965517245,2.753752137931035,-11.077219241379307,1.5904812130587391,1.6265131541764568,-6.440059333245658
1.283,2.35,2.24,-9.26,0.19,0.13,-0.08,50.0,-100.0,0.0,9.857585911367956,111.80339887498948,14.278034680435866,11.174656673019063,10.295126943162543,-3.638475619301147,2.792694413793104,2.7899474482758624,-11.2274944137931,1.6349858823595715,1.6710099904466114,-6.619051917263256
1.294,2.35,2.24,-9.26,0.19,0.13,-0.08,50.0,-100.0,0.0,9.812629616978315,111.80339887498948,13.964193395635052,11.350562618990367,10.415483643037645,-3.712541280762748,2.8306671724137935,2.8261427586206898,-11.377123241379307,1.6801119720941733,1.7160916930073724,-6.800472740790961
1.307,2.4,2.26,-9.29,0.19,0.12,-0.09,0.0,-100.0,0.0,9.812629616978315,111.80339887498948,13.964193395635052,11.52646856496167,10.535840342912746,-3.786606942224349,2.8686399310344832,2.862338068965517,-11.526752068965514,1.7258516492318665,1.7617582618587397,-6.98431135978787
1.319,2.4,2.26,-9.29,0.19,0.12,-0.09,0.0,-100.0,0.0,9.857570694648858,100.0,13.86983965699273,11.702374510932973,10.646938835105146,-3.86993081136865,2.907420620689656,2.898856551724138,-11.67686565517241,1.7722049137726512,1.8080096970007136,-7.170567774253981
1.331,2.48,2.27,-9.31,0.18,0.12,-0.09,0.0,-100.0,0.0,9.857570694648858,100.0,13.86983965699273,11.878280456904276,10.758037327297547,-3.953254680512951,2.9462013103448284,2.9353750344827585,-11.826979241379306,1.819184820767657,1.8548512204537457,-7.359249817219974
1.343,2.56,2.24,-9.37,0.18,0.12,-0.09,0.0,-100.0,0.0,9.898454424807946,100.0,13.42483030118611,12.04492819519288,10.869135819489948,-4.036578549657253,2.9862746896551733,2.972055103448276,-11.977415999999995,1.8667913702168841,1.902282832217836,-7.550357488685847
1.356,2.56,2.24,-9.37,0.18,0.12,-0.09,0.0,-100.0,0.0,9.968354929475574,100.0,13.42483030118611,12.211575933481482,10.980234311682349,-4.119902418801554,3.0276407586206906,3.008250413793103,-12.128822275862063,1.9150454502021397,1.9503071433032106,-7.743896010672054
1.368,2.59,2.25,-9.43,0.16,0.14,-0.09,0.0,-100.0,0.0,9.968354929475574,100.0,13.42483030118611,12.378223671770085,11.09133280387475,-4.2032262879458555,3.069006827586208,3.0444457241379306,-12.280228551724132,1.9639679488052313,1.9989163206791916,-7.939881049239949
1.379,2.59,2.25,-9.43,0.16,0.14,-0.09,0.0,-100.0,0.0,10.034714744326317,100.0,13.227757877116817,12.526354994693287,11.22094771143255,-4.286550157090157,3.1108576551724147,3.0808026206896546,-12.432604344827581,2.013558866026159,2.0481103643457788,-8.138312604389533
1.391,2.6,2.24,-9.48,0.15,0.16,-0.08,0.0,-100.0,0.0,10.034714744326317,100.0,13.227757877116817,12.67448631761649,11.350562618990352,-4.369874026234458,3.1527084827586216,3.1171595172413786,-12.58498013793103,2.0638260348956,2.0978918853131985,-8.33920634218216
1.403,2.57,2.2,-9.5,0.14,0.17,-0.08,0.0,-100.0,0.0,10.082063280896426,100.0,13.375834406706746,12.813359432856991,11.498693941913555,-4.4439396876960595,3.194720896551725,3.153354827586206,-12.73816386206896,2.1147694554135548,2.1482608835814507,-8.542562262617832
1.416,2.57,2.2,-9.5,0.14,0.17,-0.08,0.0,-100.0,0.0,10.08438892546296,100.0,13.42483030118611,12.942974340414793,11.656083472519457,-4.518005349157661,3.236248551724139,3.188903793103447,-12.891670758620684,2.1663917385902494,2.1992147481403093,-8.748393420747677
1.427,2.56,2.16,-9.44,0.14,0.18,-0.07,50.0,-100.0,-100.0,10.08438892546296,100.0,13.42483030118611,13.072589247972594,11.81347300312536,-4.592071010619262,3.277776206896553,3.2244527586206884,-13.045177655172408,2.218685051395006,2.2507430349488704,-8.956705038592148
1.439,2.56,2.16,-9.44,0.14,0.18,-0.07,50.0,-100.0,-100.0,10.016626178509409,150.0,13.667175323221263,13.202204155530396,11.980120741413963,-4.656878464398162,3.3191422758620703,3.2593553793103434,-13.197715034482753,2.2716493938278237,2.302845744007134,-9.167497116151244
1.451,2.61,2.15,-9.4,0.15,0.18,-0.06,50.0,-100.0,-100.0,10.016626178509409,150.0,13.667175323221263,13.331819063088197,12.146768479702565,-4.721685918177063,3.3605083448275876,3.2942579999999984,-13.350252413793099,2.3252821548784777,2.3555124312741973,-9.38075398736361
1.464,2.62,2.13,-9.34,0.15,0.18,-0.05,50.0,-100.0,-100.0,9.989724720932005,150.0,13.858000269724597,13.470692178328699,12.313416217991168,-4.777235164273264,3.402682344827588,3.328999034482757,-13.502143448275858,2.3795833345469677,2.4087430967500594,-9.596475652229246
1.476,2.62,2.13,-9.34,0.15,0.18,-0.05,50.0,-100.0,-100.0,9.9316111482478,150.0,13.727093082319874,13.6095652935692,12.480063956279771,-4.8235262026867645,3.445017931034484,3.3634168965517226,-13.653064965517236,2.4345659878844232,2.4625351294244946,-9.814651666707249
1.487,2.52,2.14,-9.39,0.15,0.16,-0.05,50.0,-100.0,-100.0,9.9316111482478,150.0,13.727093082319874,13.748438408809703,12.646711694568374,-4.869817241100265,3.4873535172413805,3.397834758620688,-13.803986482758615,2.49023272590107,2.516883307277051,-10.035266364736263
1.499,2.52,2.14,-9.39,0.15,0.16,-0.05,50.0,-100.0,-100.0,9.955003766950568,150.0,12.888366898509455,13.887311524050205,12.794843017491576,-4.916108279513766,3.5280732413793117,3.43241420689655,-13.955715931034478,2.5465835485969084,2.5717876303077287,-10.258319746316285
1.512,2.4,2.15,-9.34,0.16,0.15,-0.05,50.0,-100.0,-100.0,9.955003766950568,150.0,12.888366898509455,14.026184639290706,12.942974340414779,-4.962399317927267,3.568792965517243,3.4669936551724123,-14.10744537931034,2.603592345869679,2.627250709526754,-10.48382486649845
1.524,2.38,2.17,-9.34,0.16,0.14,-0.05,50.0,-100.0,-100.0,9.880187245189232,150.0,12.888366898509455,14.174315962213909,13.08184745565528,-5.008690356340768,3.6075736551724154,3.501734689655171,-14.258366896551719,2.6612591177193816,2.683272544934126,-10.711781725282755
1.5350000000000001,2.38,2.17,-9.34,0.16,0.14,-0.05,50.0,-100.0,-100.0,9.879721655998209,150.0,12.513587131416802,14.32244728513711,13.211462363213082,-5.054981394754269,3.6460311724137946,3.5367988965517227,-14.409288413793098,2.7195525320233056,2.739855747540071,-10.94217726761807
1.547,2.43,2.19,-9.28,0.16,0.13,-0.05,50.0,-100.0,-100.0,9.879721655998209,150.0,12.513587131416802,14.470578608060313,13.341077270770883,-5.10127243316777,3.684488689655174,3.5718631034482744,-14.560209931034477,2.778467366760999,2.7970055393650415,-11.175011493504396
1.56,2.43,2.19,-9.28,0.16,0.13,-0.05,50.0,-100.0,-100.0,9.83968495430621,150.0,12.154270268120932,14.618709930983515,13.461433970645984,-5.147563471581271,3.723754137931036,3.6072504827586194,-14.710161931034477,2.8380036219324616,2.8547219204090366,-11.410284402941732
1.571,2.43,2.19,-9.37,0.15,0.12,-0.06,50.0,-50.0,-33.0,9.83968495430621,150.0,12.154270268120932,14.766841253906717,13.581790670521086,-5.193854509994772,3.763019586206898,3.6426378620689643,-14.860113931034478,2.898174352588823,2.9130101126925085,-11.647980329868723
1.583,2.4,2.2,-9.39,0.16,0.12,-0.07,50.0,-50.0,-33.0,9.924610823604118,78.03204469959762,11.530553203358268,14.90571436914722,13.692889162713486,-5.249403756090972,3.80228503448276,3.6780252413793093,-15.011520206896547,2.9589795587300833,2.9718701162154573,-11.88809927428537
1.595,2.4,2.2,-9.39,0.16,0.12,-0.07,50.0,-50.0,-33.0,9.938415366646739,78.03204469959762,12.140758012394748,15.053845692070421,13.803987654905887,-5.314211209869873,3.8410657241379327,3.7135742068965505,-15.16324965517241,3.020419240356243,3.031301930977883,-12.130664735283705
1.608,2.47,2.18,-9.36,0.16,0.13,-0.08,50.0,-50.0,-33.0,9.938415366646739,78.03204469959762,12.140758012394748,15.201977014993624,13.915086147098288,-5.379018663648774,3.8798464137931052,3.7491231724137917,-15.314979103448271,3.0824855644366234,3.0913081679900114,-12.375681934884181
1.62,2.47,2.18,-9.36,0.16,0.13,-0.08,50.0,-50.0,-33.0,9.922847373612072,78.03204469959762,12.670013043228261,15.350108337916826,14.035442846973389,-5.453084325110375,3.9197582068965535,3.78434896551724,-15.466223793103444,3.1451785309712252,3.1518888272518426,-12.623150873086797
1.631,2.51,2.14,-9.35,0.15,0.13,-0.07,50.0,-50.0,-33.0,9.922847373612072,78.03204469959762,12.670013043228261,15.498239660840028,14.15579954684849,-5.527149986571976,3.959670000000002,3.8195747586206883,-15.617468482758616,3.2085164170316296,3.213038686742925,-12.873063716860875
1.6440000000000001,2.5,2.14,-9.33,0.15,0.13,-0.07,50.0,-50.0,-33.0,9.91474659282828,78.03204469959762,12.05936653831868,15.63711277608053,14.276156246723591,-5.5919574403508765,4.000228137931036,3.8541542068965504,-15.768551586206891,3.2724992226178364,3.2747577464632576,-13.125420466206416
1.6580000000000001,2.5,2.14,-9.33,0.15,0.13,-0.07,50.0,-50.0,-33.0,9.893356356666832,78.03204469959762,12.05936653831868,15.775985891321032,14.396512946598692,-5.656764894129777,4.040624689655174,3.8887336551724125,-15.919311517241374,3.33713739177075,3.3370355623719377,-13.380218510113194
1.669,2.42,2.19,-9.37,0.14,0.12,-0.06,50.0,-50.0,-33.0,9.893356356666832,78.03204469959762,12.05936653831868,15.914859006561533,14.516869646473793,-5.721572347908678,4.081021241379312,3.9233131034482747,-16.070071448275858,3.4024283134801436,3.399872134468965,-13.637452626560757
1.681,2.42,2.19,-9.37,0.14,0.12,-0.06,50.0,-50.0,-33.0,9.922167101999442,78.03204469959762,11.110063850421453,16.044473914119337,14.627968138666194,-5.777121594004878,4.120125103448277,3.9587004827586196,-16.221477724137927,3.4683719877460177,3.46326746275434,-13.897122815549103
1.692,2.45,2.23,-9.38,0.14,0.12,-0.06,50.0,-100.0,-100.0,9.922167101999442,78.03204469959762,11.110063850421453,16.174088821677138,14.739066630858595,-5.832670840101079,4.159228965517243,3.9940878620689646,-16.372883999999996,3.534947526486565,3.5272346022791914,-14.159239521119138
1.705,2.54,2.22,-9.4,0.14,0.13,-0.06,50.0,-100.0,-100.0,9.947854039942484,150.0,11.110063850421453,16.30370372923494,14.850165123050996,-5.888220086197279,4.198817586206898,4.030121586206896,-16.52445186206896,3.602154929701785,3.5917735530435198,-14.423802743270862
1.717,2.54,2.22,-9.4,0.14,0.13,-0.06,50.0,-100.0,-100.0,9.986991538997117,150.0,11.473470906202314,16.43331863679274,14.970521822926097,-5.9437693322934795,4.239860482758623,4.06599372413793,-16.67634289655172,3.670002030422356,3.6568947590882286,-14.6908150930145
1.728,2.56,2.14,-9.41,0.14,0.14,-0.06,50.0,-100.0,-100.0,9.986991538997117,150.0,11.473470906202314,16.562933544350543,15.090878522801198,-5.99931857838968,4.280903379310347,4.101865862068964,-16.82823393103448,3.738512327740311,3.7225956094030916,-14.960281792370505
1.74,2.56,2.14,-9.41,0.14,0.14,-0.06,50.0,-100.0,-100.0,9.984052283516949,150.0,11.853443034852896,16.692548451908344,15.220493430359,-6.05486782448588,4.322269448275864,4.1364453103448255,-16.980286551724134,3.80768582165565,3.7888761039881094,-15.232202841338877
1.752,2.46,2.12,-9.48,0.14,0.14,-0.05,50.0,-100.0,-100.0,9.984052283516949,150.0,11.853443034852896,16.822163359466145,15.3501083379168,-6.110417070582081,4.363635517241381,4.171024758620687,-17.13233917241379,3.8775277341888246,3.8557153547614744,-15.50658085092984
1.766,2.4,2.17,-9.49,0.14,0.14,-0.05,50.0,-100.0,-100.0,10.020798371387382,150.0,11.700129264050451,16.951778267023947,15.479723245474602,-6.1567081089955815,4.403385724137933,4.2052810344827565,-17.285522896551722,3.9480380653398353,3.923113361723187,-15.783415821143395
1.778,2.4,2.17,-9.49,0.14,0.14,-0.05,50.0,-100.0,-100.0,10.026415112092657,150.0,11.700129264050451,17.08139317458175,15.609338153032404,-6.202999147409082,4.442166413793105,4.240345241379308,-17.43886820689655,4.019190705006423,3.9910649028527945,-16.062726029051124
1.79,2.46,2.19,-9.45,0.15,0.14,-0.05,50.0,-100.0,-100.0,10.026415112092657,150.0,11.700129264050451,17.21100808213955,15.738953060590205,-6.249290185822583,4.480947103448277,4.27540944827586,-17.59221351724138,4.090969987127232,4.059583033201427,-16.344514085663253
1.801,2.46,2.19,-9.45,0.15,0.14,-0.05,50.0,-100.0,-100.0,10.007507182110837,150.0,12.100130710472667,17.349881197380054,15.868567968148007,-6.295581224236084,4.520697310344829,4.310796827586205,-17.74491248275862,4.1633759117022615,4.1286677527690845,-16.62877999097978
1.805,2.51,2.19,-9.39,0.15,0.15,-0.05,100.0,-100.0,-100.0,10.007507182110837,150.0,12.100130710472667,17.488754312620557,15.998182875705808,-6.341872262649585,4.560447517241381,4.34618420689655,-17.897611448275864,4.236424144792868,4.198324283576219,-16.9155133009598
1.8820000000000001,2.45,2.17,-9.4,0.15,0.14,-0.04,100.0,-100.0,-100.0,9.963347830925105,173.20508075688772,12.487325639445695,17.62762742786106,16.137055990946312,-6.388163301063086,4.601005655172416,4.381571586206895,-18.049340896551726,4.310114686399051,4.26855262562283,-17.204714015603322
1.961,2.49,2.11,-9.29,0.16,0.12,-0.03,0.0,-60.0,-33.0,9.953461709375286,173.20508075688772,11.977421988704966,17.766500543101564,16.266670898504113,-6.425196131793887,4.640594275862071,4.416635793103446,-18.201231931034485,4.384460591571941,4.339352778908918,-17.496366468848983
2.0380000000000003,2.46,2.09,-9.42,0.13,0.13,-0.02,0.0,-60.0,-33.0,9.846639020498314,68.47627326307996,11.58735430180161,17.914631866024767,16.377769390696514,-6.452970754841987,4.680829241379312,4.450730482758619,-18.35134551724138,4.459446194250181,4.4107195214140305,-17.790473271707008
2.129,2.44,2.04,-9.44,0.14,0.14,-0.03,50.0,-100.0,-33.0,9.9577156014821,68.47627326307996,10.595847166244031,18.03498856589987,16.498126090571617,-6.471487170207387,4.720579448275864,4.484501999999998,-18.503559724137933,4.535081938474676,4.482637187076813,-18.087005703064914
2.14,2.44,2.04,-9.44,0.14,0.14,-0.03,50.0,-100.0,-33.0,9.961365368261522,116.57186624567696,11.473470906202314,18.16460347345767,16.62774099812942,-6.499261793255487,4.760006482758623,4.517465586206895,-18.65609710344828,4.611359991214747,4.555100553876813,-18.38599770605564
2.152,2.4,2.01,-9.41,0.15,0.13,-0.04,50.0,-100.0,-33.0,9.961365368261522,116.57186624567696,11.473470906202314,18.294218381015472,16.75735590568722,-6.527036416303587,4.799433517241382,4.550429172413792,-18.808634482758624,4.688275130449943,4.628096566762901,-18.687454502699637
2.1630000000000003,2.51,1.99,-9.25,0.15,0.12,-0.04,50.0,-100.0,-33.0,9.917066098398255,116.57186624567696,11.601511123577028,18.433091496255976,16.877712605562323,-6.5640692470343875,4.838214206896554,4.582907999999999,-18.96068710344828,4.765827356180265,4.701625225735077,-18.9913760929969
2.176,2.51,1.99,-9.25,0.15,0.12,-0.04,50.0,-100.0,-33.0,9.78890698699298,116.57186624567696,11.242243747377662,18.57196461149648,16.988811097754724,-6.601102077765188,4.878772344827588,4.6150636551724125,-19.11015434482759,4.844006224364807,4.775678697762663,-19.297754643916758
2.188,2.69,2.02,-9.21,0.14,0.11,-0.04,50.0,-60.0,-33.0,9.78890698699298,116.57186624567696,11.242243747377662,18.710837726736983,17.099909589947124,-6.638134908495989,4.919330482758623,4.647219310344826,-19.259621586206897,4.922840456116056,4.850251760825207,-19.606548379295592
2.2,2.69,2.02,-9.21,0.14,0.11,-0.04,50.0,-60.0,-33.0,9.805131309676582,84.78797084492588,10.455498622992167,18.840452634294785,17.201749874456826,-6.675167739226789,4.962797172413795,4.67985972413793,-19.408442482758623,5.0023300514340105,4.92534441492271,-19.917757299133406
2.211,2.55,2.07,-9.19,0.12,0.1,-0.04,50.0,-60.0,-33.0,9.805131309676582,84.78797084492588,10.455498622992167,18.970067541852586,17.30359015896653,-6.71220056995759,5.006263862068968,4.712500137931033,-19.55726337931035,5.082522008502738,5.000964493085849,-20.23137095938929
2.224,2.48,2.16,-9.31,0.12,0.09,-0.04,50.0,-60.0,-33.0,9.759277637202457,84.78797084492588,9.238666846483065,19.081166034044987,17.39617223579353,-6.74923340068839,5.047468344827589,4.745948482758619,-19.705761103448282,5.163416327322238,5.077111995314625,-20.547389360063253
2.236,2.48,2.16,-9.31,0.12,0.09,-0.04,50.0,-60.0,-33.0,9.87380878891221,84.78797084492588,8.894696905194861,19.192264526237388,17.47949610493783,-6.786266231419191,5.0875417241379335,4.780851103448274,-19.85619786206897,5.244976453749349,5.153799976660165,-20.865807279134835
2.248,2.24,2.25,-9.41,0.1,0.11,-0.04,50.0,-60.0,-33.0,9.87380878891221,84.78797084492588,8.894696905194861,19.30336301842979,17.56281997408213,-6.823299062149991,5.127615103448278,4.815753724137929,-20.00663462068966,5.327184110712488,5.231051936214506,-21.18665604872675
2.2600000000000002,2.24,2.25,-9.41,0.1,0.11,-0.04,50.0,-60.0,-33.0,9.931173143189076,84.78797084492588,8.820573138706937,19.39594509525679,17.664660258591834,-6.860331892880792,5.163810413793105,4.852110620689653,-20.158687241379315,5.410039298211656,5.308867873977645,-21.509935668839
2.273,2.06,2.25,-9.51,0.11,0.12,-0.05,50.0,-60.0,-33.0,9.931173143189076,84.78797084492588,8.820573138706937,19.48852717208379,17.766500543101536,-6.8973647236115925,5.200005724137933,4.888467517241377,-20.31073986206897,5.49347935200143,5.387271289041617,-21.83567224957384
2.2840000000000003,2.07,2.2,-9.52,0.12,0.14,-0.07,50.0,-60.0,-33.0,9.987301937961023,84.78797084492588,9.757119664652093,19.59036745659349,17.877599035293937,-6.943655762025093,5.233292482758622,4.924824413793101,-20.464408344827593,5.57750427208181,5.46626218140642,-22.163865790931272
2.2960000000000003,2.07,2.2,-9.52,0.12,0.14,-0.07,50.0,-60.0,-33.0,9.987757506067116,84.78797084492588,11.300494104925539,19.70146594878589,18.007213942851738,-7.008463215803994,5.266740827586208,4.960373379310343,-20.61823841379311,5.66206706026873,5.5458405510720565,-22.494542403013554
2.308,2.1,2.15,-9.59,0.12,0.15,-0.09,50.0,-20.0,34.0,9.987757506067116,84.78797084492588,11.300494104925539,19.812564440978292,18.13682885040954,-7.073270669582895,5.300189172413794,4.9959223448275845,-20.77206848275863,5.747170327572416,5.625993342987395,-22.827704696830914
2.321,2.1,2.15,-9.59,0.12,0.15,-0.09,50.0,-20.0,34.0,10.049905472192263,63.686733312362634,12.154270268120932,19.923662933170693,18.275701965650043,-7.156594538727196,5.33412227586207,5.030663379310343,-20.927029655172422,5.832814073992868,5.706720557152437,-23.16335267238335
2.333,2.15,2.1,-9.59,0.13,0.17,-0.12,50.0,-20.0,34.0,10.049905472192263,63.686733312362634,12.154270268120932,20.034761425363094,18.414575080890547,-7.239918407871498,5.368055379310346,5.065404413793101,-21.081990827586214,5.919006132560763,5.788009138516052,-23.501504606742447
2.345,2.36,2.01,-9.47,0.15,0.17,-0.15,50.0,-20.0,34.0,10.049905472192263,63.686733312362634,14.057913866242991,20.155118125238197,18.571964611496448,-7.351016900063899,5.402796413793104,5.099337517241377,-21.236952000000006,6.005746503276102,5.86985908707824,-23.842160499908204
2.356,2.36,2.01,-9.47,0.15,0.17,-0.15,50.0,-20.0,34.0,9.964466869833027,63.686733312362634,15.57560237248845,20.2939912404787,18.72935414210235,-7.489890015304401,5.4409307586206905,5.131816344827584,-21.38997413793104,6.093048241190014,5.952257347787871,-24.185320351880616
2.368,2.78,1.92,-9.32,0.17,0.18,-0.17,50.0,-20.0,34.0,9.964466869833027,63.686733312362634,15.57560237248845,20.432864355719204,18.88674367270825,-7.628763130544903,5.479065103448277,5.164295172413791,-21.542996275862077,6.180966177517243,6.035180421552912,-24.53095283053698
2.3810000000000002,2.78,1.92,-9.32,0.17,0.18,-0.17,50.0,-20.0,34.0,9.913485764351508,63.686733312362634,17.207821848539094,20.590253886325105,19.053391410996852,-7.786152661150806,5.5239860689655185,5.195319724137929,-21.693594620689662,6.26950031225779,6.118628308373364,-24.879057935877288
2.392,3.16,1.91,-9.18,0.16,0.17,-0.17,50.0,-20.0,34.0,9.913485764351508,63.686733312362634,17.207821848539094,20.747643416931005,19.220039149285455,-7.943542191756708,5.56890703448276,5.226344275862067,-21.844192965517248,6.358760307841143,6.2025775091571935,-25.229596502748155
